Order_ID,Gender_Category,Product_Line,Product_Name,Size,Units_Sold,MRP,Discount_Applied,Revenue,Order_Date,Sales_Channel,Region,Profit,Transaction_Type,Profit_Flag
2000,Kids,Training,SuperRep Go,M,1,5587.585,0.47,2961.42,2024-03-09,Online,Bangalore,-770.45,Sale,Valid
2001,Women,Soccer,Tiempo Legend,M,3,4957.93,0.0,14873.79,2024-07-09,Retail,Hyderabad,-112.53,Sale,Valid
2003,Kids,Lifestyle,Blazer Mid,L,2,9673.57,0.0,19347.14,2024-04-10,Online,Pune,3376.85,Sale,Valid
2004,Kids,Running,React Infinity,XL,1,6346.35,0.0,6346.35,2024-09-12,Retail,Delhi,187.89,Sale,Valid
2006,Men,Training,SuperRep Go,M,1,6819.78,0.0,6819.78,2025-04-06,Online,Bangalore,1802.09,Sale,Valid
2008,Women,Soccer,Premier III,11,1,6060.035,0.0,6060.04,2024-11-10,Online,Hyderabad,-731.18,Return,Valid
2010,Kids,Lifestyle,Waffle One,L,1,7949.83,0.0,7949.83,2025-01-16,Online,Pune,1965.56,Sale,Valid
2018,Kids,Lifestyle,Blazer Mid,,1,5786.02,0.86,810.04,2024-11-13,Online,Delhi,2109.48,Return,Review
2013,Kids,Training,SuperRep Go,,1,9671.05,0.0,9671.05,2024-09-19,Online,Hyderabad,299.34,Sale,Valid
2014,Women,Running,React Infinity,11,1,6346.35,0.0,6346.35,2025-04-12,Online,Bangalore,-1044.4,Sale,Valid
2015,Kids,Basketball,Air Jordan,,2,3285.52,0.0,6571.04,2025-05-31,Retail,Kolkata,1193.21,Sale,Valid
2017,Women,Basketball,Air Jordan,9,4,5974.92,0.0,23899.68,2025-03-17,Retail,Delhi,1946.24,Sale,Valid
2020,Kids,Soccer,Tiempo Legend,L,1,5830.525,0.67,1924.07,2025-03-28,Retail,Mumbai,439.96,Return,Valid
2021,Men,Running,Free RN,L,1,7086.7,0.66,2409.48,2024-11-19,Retail,Hyderabad,-1120.49,Return,Valid
2022,Women,Soccer,Premier III,M,2,6060.035,0.0,12120.07,2024-09-24,Online,Pune,3427.16,Sale,Valid
2023,Men,Lifestyle,Waffle One,M,2,5003.95,0.0,10007.9,2025-10-01,Online,Mumbai,1498.37,Sale,Valid
2026,Kids,Lifestyle,Blazer Mid,XL,1,5786.02,0.16,4860.26,2024-08-10,Retail,Kolkata,2301.64,Sale,Valid
2030,Men,Soccer,Phantom GT,XL,2,6012.23,1.0,0.0,2025-07-14,Retail,Hyderabad,-122.93,Sale,Valid
2031,Men,Soccer,Premier III,,4,3493.04,0.82,2514.99,2024-05-09,Online,Delhi,350.7,Sale,Valid
2032,Women,Lifestyle,Blazer Mid,XL,1,5786.02,1.0,0.0,2025-11-04,Retail,Mumbai,-555.16,Sale,Valid
2034,Men,Basketball,Air Jordan,6,2,6235.71,0.0,12471.42,2025-04-30,Retail,Delhi,-267.37,Sale,Valid
2035,Kids,Basketball,Zoom Freak,,4,6172.36,0.38,15307.45,2024-11-17,Online,Bangalore,2914.83,Sale,Valid
2036,Men,Training,Metcon 7,,3,5744.7,0.0,17234.1,2025-02-15,Retail,Bangalore,-143.8,Sale,Valid
2039,Women,Training,Flex Trainer,M,1,2767.7,0.63,1024.05,2025-04-22,Retail,Hyderabad,-336.3,Sale,Valid
2002,Women,Basketball,Zoom Freak,XL,3,5075.22,0.0,15225.66,2025-07-03,Retail,Delhi,145.08,Sale,Valid
2041,Kids,Soccer,Tiempo Legend,12,2,5553.88,0.0,11107.76,2025-03-05,Online,Hyderabad,2371.66,Sale,Valid
2042,Women,Basketball,Kyrie Flytrap,L,2,5584.225,0.0,11168.45,2025-04-19,Online,Hyderabad,-862.16,Sale,Valid
2043,Men,Soccer,Premier III,XL,2,3492.89,0.77,1606.73,2024-05-02,Retail,Delhi,3770.75,Sale,Review
2044,Kids,Training,SuperRep Go,,1,5587.585,0.0,5587.58,2023-09-06,Online,Delhi,2174.71,Sale,Valid
2045,Kids,Lifestyle,Dunk Low,XL,4,6091.98,0.0,24367.92,2025-04-06,Retail,Delhi,1833.94,Sale,Valid
2047,Women,Training,SuperRep Go,10,1,8577.75,0.0,8577.75,2024-06-13,Retail,Bangalore,2888.68,Sale,Valid
2048,Women,Basketball,Air Jordan,XL,2,5974.92,0.0,11949.84,2024-10-27,Online,Bangalore,2875.86,Sale,Valid
2051,Women,Basketball,Air Jordan,XL,2,5974.92,0.37,7528.4,2024-01-05,Retail,Delhi,3135.98,Sale,Valid
2052,Men,Training,Flex Trainer,10,3,9155.96,0.0,27467.88,2024-10-08,Retail,Pune,2184.8,Sale,Valid
2053,Men,Lifestyle,Air Force 1,XL,3,6009.58,0.0,18028.74,2024-10-02,Online,Delhi,3384.92,Sale,Valid
2054,Women,Training,Flex Trainer,11,1,6481.055,0.0,6481.06,2025-06-23,Online,Mumbai,-549.76,Return,Valid
2055,Men,Basketball,Kyrie Flytrap,L,2,5584.225,0.0,11168.45,2024-10-26,Online,Hyderabad,-1078.76,Sale,Valid
2056,Men,Running,React Infinity,L,3,6346.35,0.0,19039.05,2024-05-31,Retail,Bangalore,-244.44,Sale,Valid
2059,Kids,Soccer,Phantom GT,,1,9507.54,0.0,9507.54,2023-12-27,Retail,Delhi,291.28,Return,Valid
2060,Men,Lifestyle,Waffle One,L,2,7979.26,0.0,15958.52,2024-07-11,Online,Bangalore,2821.59,Sale,Valid
2061,Women,Basketball,LeBron 20,L,2,6630.92,0.0,13261.84,2024-10-09,Online,Mumbai,-501.68,Sale,Valid
2062,Men,Basketball,Air Jordan,,2,5974.92,0.0,11949.84,2025-06-06,Online,Bangalore,1823.91,Sale,Valid
2063,Women,Basketball,Air Jordan,M,1,9751.0,0.16,8190.84,2024-06-09,Retail,Pune,1130.31,Sale,Valid
2064,Kids,Running,React Infinity,L,2,7557.71,0.0,15115.42,2025-03-02,Online,Bangalore,3277.44,Sale,Valid
2065,Women,Lifestyle,Waffle One,10,2,5349.78,0.78,2353.9,2024-02-11,Retail,Hyderabad,21.58,Sale,Valid
2066,Men,Soccer,Phantom GT,XL,1,5259.05,0.0,5259.05,2024-12-10,Online,Mumbai,1022.82,Return,Valid
2067,Kids,Basketball,LeBron 20,L,4,3588.38,0.0,14353.52,2025-06-05,Online,Kolkata,161.5,Sale,Valid
2068,Men,Running,Free RN,,4,2553.29,0.0,10213.16,2024-12-05,Retail,Mumbai,984.9,Sale,Valid
2069,Women,Training,SuperRep Go,,1,7502.24,0.0,7502.24,2025-07-14,Online,Pune,3554.58,Sale,Valid
2071,Kids,Lifestyle,Blazer Mid,M,3,7849.81,0.49,12010.21,2025-01-12,Retail,Pune,-882.96,Sale,Valid
2073,Women,Lifestyle,Blazer Mid,12,4,5786.02,0.85,3471.61,2024-03-11,Online,Hyderabad,443.86,Sale,Valid
2075,Kids,Basketball,Air Jordan,L,4,4251.74,0.0,17006.96,2025-07-14,Online,Pune,2345.35,Sale,Valid
2076,Women,Training,ZoomX Invincible,11,1,6424.68,0.0,6424.68,2024-10-13,Retail,Bangalore,2011.25,Sale,Valid
2077,Men,Training,ZoomX Invincible,L,1,6424.68,0.0,6424.68,2023-11-21,Online,Pune,3332.66,Sale,Valid
2079,Men,Running,Pegasus Turbo,XL,1,4322.06,0.0,4322.06,2025-01-19,Online,Bangalore,279.78,Return,Valid
2080,Men,Lifestyle,Blazer Mid,L,2,5786.02,0.0,11572.04,2025-03-31,Online,Bangalore,-1005.89,Sale,Valid
2028,Men,Running,Free RN,,1,6299.575,0.21,4976.66,2024-02-14,Online,Hyderabad,3303.01,Return,Valid
2083,Men,Running,Free RN,,1,9291.74,0.0,9291.74,2024-10-14,Retail,Delhi,-981.21,Sale,Valid
2084,Men,Training,Metcon 7,M,2,5744.7,0.0,11489.4,2023-12-24,Online,Mumbai,408.39,Sale,Valid
2085,Men,Basketball,Kyrie Flytrap,,2,7561.85,0.0,15123.7,2024-12-17,Retail,Kolkata,98.72,Sale,Valid
2087,Kids,Basketball,Zoom Freak,,2,4656.28,0.0,9312.56,2024-11-01,Online,Kolkata,3777.5,Sale,Valid
2088,Women,Running,Free RN,XL,4,6299.575,0.0,25198.3,2025-04-26,Online,Bangalore,2702.93,Sale,Valid
2089,Women,Training,Flex Trainer,L,2,6874.77,0.6,5499.82,2024-02-12,Online,Mumbai,-1076.66,Sale,Valid
2094,Kids,Training,Flex Trainer,10,1,4276.36,0.0,4276.36,2024-10-11,Retail,Delhi,2974.58,Sale,Valid
2095,Men,Lifestyle,Waffle One,M,2,5349.78,0.0,10699.56,2024-10-16,Online,Delhi,880.57,Sale,Valid
2096,Men,Running,Pegasus Turbo,XL,2,5286.01,0.0,10572.02,2024-12-24,Online,Kolkata,288.66,Sale,Valid
2098,Men,Training,ZoomX Invincible,L,1,5690.69,0.69,1764.11,2024-01-24,Online,Hyderabad,98.3,Sale,Valid
2099,Kids,Soccer,Mercurial Superfly,M,2,6769.465,0.32,9206.47,2025-01-02,Retail,Mumbai,360.97,Sale,Valid
2100,Kids,Soccer,Phantom GT,8,1,5937.52,0.0,5937.52,2025-07-11,Retail,Mumbai,2287.57,Sale,Valid
2101,Kids,Running,Free RN,XL,1,2010.07,0.0,2010.07,2025-07-03,Online,Hyderabad,3398.01,Sale,Review
2102,Women,Soccer,Mercurial Superfly,XL,1,6769.465,0.77,1556.98,2025-10-04,Online,Pune,284.17,Return,Valid
2103,Women,Basketball,LeBron 20,XL,1,6777.88,0.0,6777.88,2025-01-08,Online,Kolkata,469.61,Return,Valid
2105,Kids,Training,Metcon 7,,2,5744.7,0.0,11489.4,2024-11-17,Retail,Mumbai,1716.04,Sale,Valid
2107,Women,Running,React Infinity,M,4,6346.35,0.0,25385.4,2024-08-30,Online,Hyderabad,-184.69,Sale,Valid
2108,Kids,Lifestyle,Air Force 1,XL,2,6554.6849999999995,0.27,9569.84,2024-11-15,Retail,Mumbai,-338.77,Sale,Valid
2110,Kids,Running,Air Zoom,12,1,5548.255,0.42,3217.99,2024-12-25,Retail,Pune,-259.29,Sale,Valid
2111,Men,Lifestyle,Waffle One,,2,5349.78,1.0,0.0,2024-11-21,Retail,Bangalore,1326.67,Sale,Review
2113,Women,Basketball,Air Jordan,XL,2,3939.34,0.0,7878.68,2023-12-19,Retail,Pune,2918.93,Sale,Valid
2116,Women,Basketball,LeBron 20,,2,4038.32,1.0,0.0,2024-08-27,Online,Hyderabad,2088.55,Sale,Review
2118,Kids,Basketball,Zoom Freak,XL,2,8426.54,0.0,16853.08,2023-09-21,Online,Hyderabad,2696.85,Sale,Valid
2119,Women,Training,Metcon 7,11,1,5744.7,0.41,3389.37,2025-05-04,Retail,Kolkata,2887.81,Return,Valid
2120,Men,Soccer,Phantom GT,12,2,6012.23,0.0,12024.46,2024-12-14,Retail,Pune,-328.0,Sale,Valid
2123,Men,Running,Air Zoom,L,1,5548.255,0.0,5548.26,2024-09-15,Retail,Hyderabad,2195.52,Sale,Valid
2124,Kids,Basketball,Kyrie Flytrap,L,2,6436.11,1.0,0.0,2025-04-07,Online,Kolkata,432.04,Sale,Review
2125,Women,Soccer,Tiempo Legend,M,2,5830.525,0.0,11661.05,2024-10-12,Retail,Hyderabad,1051.22,Sale,Valid
2126,Kids,Running,Pegasus Turbo,L,1,5399.58,0.0,5399.58,2024-12-14,Retail,Pune,2508.34,Return,Valid
2127,Men,Training,Metcon 7,L,1,4020.5,0.0,4020.5,2023-08-19,Online,Mumbai,3718.37,Return,Valid
2130,Men,Soccer,Premier III,10,3,6060.035,0.24,13816.88,2024-09-14,Online,Bangalore,2962.75,Sale,Valid
2133,Men,Training,Metcon 7,XL,1,6789.53,0.0,6789.53,2024-10-10,Retail,Pune,-166.81,Sale,Valid
2134,Men,Training,ZoomX Invincible,M,1,4738.62,0.0,4738.62,2024-06-08,Online,Hyderabad,1009.28,Sale,Valid
2135,Men,Basketball,Zoom Freak,L,2,9106.61,0.74,4735.44,2024-11-03,Retail,Hyderabad,2422.38,Sale,Valid
2136,Kids,Training,ZoomX Invincible,L,1,6424.68,0.0,6424.68,2024-09-15,Online,Pune,3672.24,Sale,Valid
2138,Men,Running,Pegasus Turbo,11,2,8055.2,0.0,16110.4,2025-06-14,Online,Mumbai,1840.09,Sale,Valid
2139,Women,Basketball,Air Jordan,M,2,5974.92,0.0,11949.84,2025-06-19,Retail,Mumbai,-334.52,Sale,Valid
2140,Men,Basketball,Zoom Freak,M,2,6765.74,0.0,13531.48,2025-04-28,Online,Bangalore,-875.45,Sale,Valid
2141,Kids,Soccer,Tiempo Legend,,2,5830.525,1.0,0.0,2023-11-22,Retail,Kolkata,-1032.47,Sale,Valid
2142,Kids,Soccer,Mercurial Superfly,,2,6769.465,0.0,13538.93,2024-10-03,Retail,Kolkata,-995.59,Sale,Valid
2143,Kids,Training,ZoomX Invincible,L,1,6424.68,0.0,6424.68,2025-03-10,Online,Delhi,1006.66,Return,Valid
2144,Women,Lifestyle,Waffle One,,4,5349.78,0.0,21399.12,2025-03-30,Online,Kolkata,2385.1,Sale,Valid
2146,Kids,Basketball,Air Jordan,XL,2,5974.92,1.0,0.0,2025-02-15,Retail,Mumbai,-908.85,Sale,Valid
2147,Women,Soccer,Phantom GT,XL,1,6012.23,0.0,6012.23,2024-09-14,Online,Hyderabad,-426.53,Return,Valid
2148,Men,Basketball,Kyrie Flytrap,,2,5584.225,0.0,11168.45,2025-06-19,Online,Hyderabad,520.55,Sale,Valid
2149,Women,Running,Pegasus Turbo,,1,5286.01,0.0,5286.01,2025-05-20,Online,Kolkata,-595.69,Sale,Valid
2150,Women,Basketball,LeBron 20,M,2,3313.21,0.48,3445.74,2025-06-07,Online,Bangalore,3221.62,Sale,Valid
2151,Kids,Soccer,Tiempo Legend,L,4,5619.75,0.0,22479.0,2025-05-27,Online,Bangalore,2000.85,Sale,Valid
2154,Kids,Lifestyle,Blazer Mid,XL,2,2963.16,0.0,5926.32,2025-04-01,Online,Bangalore,2381.85,Sale,Valid
2157,Kids,Soccer,Premier III,,1,6060.035,0.0,6060.04,2025-04-29,Online,Delhi,-701.01,Sale,Valid
2158,Women,Running,React Infinity,M,1,6346.35,0.5,3173.18,2025-01-28,Online,Mumbai,514.79,Return,Valid
2160,Kids,Running,Air Zoom,XL,1,5548.255,0.0,5548.26,2025-03-01,Retail,Mumbai,3744.91,Sale,Valid
2163,Men,Lifestyle,Dunk Low,7,2,6091.98,1.0,0.0,2025-03-06,Retail,Hyderabad,3344.98,Sale,Review
2165,Kids,Training,SuperRep Go,L,4,4577.65,0.0,18310.6,2024-11-11,Retail,Kolkata,2460.19,Sale,Valid
2166,Women,Lifestyle,Air Force 1,M,2,7312.38,0.0,14624.76,2025-01-02,Online,Mumbai,3364.05,Sale,Valid
2168,Women,Running,Pegasus Turbo,,1,5286.01,0.85,792.9,2024-08-01,Retail,Kolkata,3011.49,Sale,Review
2169,Kids,Training,Flex Trainer,,4,4046.05,0.01,16022.36,2024-12-14,Retail,Delhi,1057.58,Sale,Valid
2172,Women,Training,ZoomX Invincible,M,1,7988.99,1.0,0.0,2024-12-17,Online,Bangalore,-909.86,Sale,Valid
2173,Men,Running,Free RN,L,1,6620.78,0.0,6620.78,2025-03-29,Online,Bangalore,3770.03,Return,Valid
2176,Men,Soccer,Mercurial Superfly,,4,6769.465,0.0,27077.86,2025-04-01,Online,Bangalore,3908.28,Sale,Valid
2177,Women,Lifestyle,Waffle One,XL,2,5349.78,0.0,10699.56,2025-06-27,Retail,Mumbai,885.37,Sale,Valid
2178,Men,Running,Free RN,,1,6299.575,0.0,6299.58,2024-10-28,Retail,Bangalore,-983.37,Sale,Valid
2179,Women,Training,ZoomX Invincible,M,3,6424.68,0.0,19274.04,2024-01-26,Retail,Pune,3135.92,Sale,Valid
2180,Women,Basketball,LeBron 20,XL,2,6630.92,0.0,13261.84,2024-05-15,Online,Pune,2189.84,Sale,Valid
2181,Women,Lifestyle,Air Force 1,XL,2,6554.6849999999995,0.0,13109.37,2025-01-06,Retail,Delhi,419.58,Sale,Valid
2185,Women,Training,ZoomX Invincible,XL,4,4207.44,0.59,6900.2,2025-06-08,Online,Kolkata,-615.48,Sale,Valid
2187,Men,Running,React Infinity,L,1,7795.32,0.0,7795.32,2024-09-11,Online,Mumbai,2402.99,Sale,Valid
2189,Men,Training,SuperRep Go,L,3,5587.585,0.9,1676.28,2024-10-02,Online,Hyderabad,3628.46,Sale,Review
2191,Men,Lifestyle,Air Force 1,8,3,6554.6849999999995,0.0,19664.06,2024-09-28,Retail,Pune,-1032.88,Sale,Valid
2192,Men,Basketball,Kyrie Flytrap,XL,1,5584.225,0.0,5584.22,2023-10-13,Retail,Delhi,554.91,Return,Valid
2193,Women,Lifestyle,Waffle One,XL,1,5349.78,1.0,0.0,2025-01-17,Retail,Delhi,1803.66,Return,Review
2194,Men,Soccer,Mercurial Superfly,M,2,6196.01,0.0,12392.02,2024-10-27,Online,Hyderabad,926.03,Sale,Valid
2196,Kids,Soccer,Premier III,L,2,2708.73,0.0,5417.46,2025-06-30,Online,Delhi,925.63,Sale,Valid
2197,Kids,Training,ZoomX Invincible,L,3,6424.68,0.0,19274.04,2024-10-06,Online,Bangalore,-418.5,Sale,Valid
2198,Men,Training,SuperRep Go,7,4,5587.585,0.65,7822.62,2025-01-05,Online,Pune,-169.33,Sale,Valid
2201,Women,Training,SuperRep Go,11,1,5587.585,0.0,5587.58,2024-05-10,Online,Mumbai,1403.56,Sale,Valid
2202,Men,Basketball,Kyrie Flytrap,M,1,7918.93,1.0,0.0,2025-07-04,Retail,Bangalore,1994.42,Return,Review
2204,Men,Basketball,LeBron 20,7,2,7660.41,0.0,15320.82,2025-05-17,Online,Delhi,2076.75,Sale,Valid
2209,Kids,Training,SuperRep Go,,1,5587.585,0.0,5587.58,2024-09-01,Retail,Hyderabad,1956.7,Sale,Valid
2210,Men,Lifestyle,Blazer Mid,XL,2,5786.02,0.0,11572.04,2024-09-08,Retail,Kolkata,701.02,Sale,Valid
2212,Women,Lifestyle,Blazer Mid,L,2,7670.82,0.0,15341.64,2024-09-23,Online,Kolkata,-87.95,Sale,Valid
2215,Men,Basketball,Zoom Freak,XL,3,6172.36,0.36,11850.93,2024-12-16,Online,Kolkata,3254.06,Sale,Valid
2217,Women,Lifestyle,Waffle One,L,2,5349.78,0.0,10699.56,2025-04-15,Retail,Delhi,2190.84,Sale,Valid
2220,Kids,Training,SuperRep Go,M,1,5587.585,0.0,5587.58,2024-09-09,Online,Kolkata,890.14,Sale,Valid
2221,Kids,Lifestyle,Waffle One,L,2,3375.97,0.0,6751.94,2024-01-06,Retail,Mumbai,-297.05,Sale,Valid
2222,Men,Training,ZoomX Invincible,XL,2,8897.19,0.11,15837.0,2024-12-21,Retail,Mumbai,2821.69,Sale,Valid
2223,Kids,Training,Flex Trainer,M,1,9180.15,0.0,9180.15,2025-02-15,Online,Kolkata,799.28,Return,Valid
2224,Kids,Lifestyle,Dunk Low,,1,6091.98,0.12,5360.94,2024-09-24,Online,Pune,3278.7,Return,Valid
2226,Women,Basketball,Zoom Freak,,2,6172.36,0.31,8517.86,2025-06-28,Online,Delhi,-131.04,Sale,Valid
2228,Kids,Basketball,Zoom Freak,,2,9382.15,0.0,18764.3,2024-08-22,Online,Kolkata,-127.34,Sale,Valid
2229,Men,Running,Air Zoom,XL,1,7143.23,0.0,7143.23,2025-03-26,Retail,Mumbai,3284.36,Sale,Valid
2232,Women,Running,Free RN,XL,1,2149.28,0.32,1461.51,2024-11-17,Online,Kolkata,2409.87,Sale,Review
2234,Men,Training,Flex Trainer,,4,6189.1,1.0,0.0,2024-12-21,Retail,Bangalore,2085.62,Sale,Review
2237,Kids,Training,Metcon 7,M,1,5089.88,0.0,5089.88,2025-06-26,Online,Mumbai,-238.18,Sale,Valid
2239,Men,Training,SuperRep Go,XL,1,5587.585,0.0,5587.58,2024-08-04,Online,Kolkata,1750.71,Sale,Valid
2240,Kids,Basketball,Air Jordan,M,2,9520.5,0.48,9901.32,2025-01-22,Retail,Kolkata,-928.85,Sale,Valid
2241,Women,Soccer,Tiempo Legend,12,2,9662.04,0.0,19324.08,2025-02-19,Online,Hyderabad,-233.74,Sale,Valid
2243,Men,Lifestyle,Blazer Mid,L,2,9747.58,0.0,19495.16,2024-07-11,Retail,Delhi,266.31,Sale,Valid
2245,Kids,Running,React Infinity,,1,4128.35,0.0,4128.35,2025-04-16,Online,Pune,-290.33,Sale,Valid
2246,Kids,Basketball,LeBron 20,L,1,7806.98,0.0,7806.98,2024-02-10,Online,Hyderabad,-943.35,Return,Valid
2247,Women,Training,Metcon 7,,1,5744.7,0.0,5744.7,2024-08-16,Online,Mumbai,-1158.15,Sale,Valid
2248,Men,Training,Metcon 7,M,4,8249.96,0.24,25079.88,2024-01-16,Online,Bangalore,1625.14,Sale,Valid
2249,Men,Training,Flex Trainer,M,1,7730.77,0.0,7730.77,2024-05-28,Online,Delhi,-692.94,Sale,Valid
2250,Men,Basketball,Kyrie Flytrap,XL,2,5584.225,0.0,11168.45,2024-10-01,Retail,Pune,821.13,Sale,Valid
2046,Men,Basketball,Air Jordan,,2,9593.65,0.0,19187.3,2025-11-01,Online,Hyderabad,1592.5,Sale,Valid
2254,Women,Basketball,LeBron 20,M,2,6630.92,0.89,1458.8,2025-04-24,Online,Hyderabad,1642.0,Sale,Review
2255,Kids,Basketball,LeBron 20,XL,2,2222.55,0.84,711.22,2025-04-06,Retail,Mumbai,586.56,Sale,Valid
2256,Men,Soccer,Phantom GT,,2,6012.23,0.0,12024.46,2025-03-30,Online,Hyderabad,3175.83,Sale,Valid
2257,Men,Basketball,Kyrie Flytrap,XL,1,5584.225,0.0,5584.22,2025-02-09,Online,Mumbai,-365.42,Sale,Valid
2258,Women,Lifestyle,Dunk Low,L,2,6091.98,0.39,7432.22,2023-11-21,Online,Mumbai,2824.7,Sale,Valid
2259,Women,Soccer,Mercurial Superfly,M,2,6769.465,0.0,13538.93,2024-10-20,Retail,Delhi,2323.89,Sale,Valid
2260,Women,Lifestyle,Dunk Low,M,2,6091.98,0.0,12183.96,2024-12-12,Retail,Pune,-352.18,Sale,Valid
2261,Women,Training,ZoomX Invincible,,1,2503.6,0.54,1151.66,2024-04-10,Retail,Pune,1574.74,Sale,Review
2264,Men,Training,ZoomX Invincible,,4,5622.32,1.0,0.0,2024-04-22,Retail,Bangalore,1248.25,Sale,Review
2265,Women,Soccer,Premier III,7,2,2422.97,0.0,4845.94,2024-11-23,Retail,Delhi,-67.74,Sale,Valid
2266,Women,Basketball,LeBron 20,L,2,6630.92,0.0,13261.84,2025-07-19,Retail,Kolkata,3475.59,Sale,Valid
2267,Women,Running,Air Zoom,M,1,3075.72,0.0,3075.72,2024-12-20,Retail,Kolkata,238.78,Return,Valid
2268,Men,Soccer,Mercurial Superfly,M,3,7330.81,0.0,21992.43,2023-11-16,Online,Kolkata,518.71,Sale,Valid
2269,Women,Training,ZoomX Invincible,11,4,6424.32,0.0,25697.28,2024-07-14,Retail,Mumbai,-405.26,Sale,Valid
2270,Men,Running,React Infinity,XL,1,6346.35,1.0,0.0,2025-06-06,Retail,Pune,3088.25,Sale,Review
2271,Kids,Lifestyle,Waffle One,9,2,5116.58,0.07,9516.84,2024-05-03,Retail,Delhi,1293.94,Sale,Valid
2038,Women,Training,ZoomX Invincible,XL,1,7338.57,0.0,7338.57,2024-10-21,Retail,Delhi,3680.24,Sale,Valid
2273,Kids,Running,Free RN,M,1,4004.36,0.0,4004.36,2024-01-30,Online,Kolkata,-614.66,Return,Valid
2274,Women,Training,Metcon 7,6,4,5744.7,0.45,12638.34,2025-06-13,Online,Bangalore,2561.89,Sale,Valid
2275,Kids,Running,Pegasus Turbo,M,1,5286.01,0.0,5286.01,2025-03-07,Online,Pune,-783.71,Return,Valid
2276,Kids,Lifestyle,Air Force 1,L,1,6066.5,0.0,6066.5,2023-08-29,Retail,Kolkata,1181.87,Return,Valid
2277,Kids,Basketball,LeBron 20,M,2,3682.84,0.0,7365.68,2024-12-28,Online,Hyderabad,3967.77,Sale,Valid
2278,Men,Training,SuperRep Go,11,1,5587.585,1.0,0.0,2025-07-03,Retail,Pune,3638.15,Sale,Review
2279,Women,Lifestyle,Blazer Mid,6,2,5786.02,0.0,11572.04,2024-08-03,Retail,Mumbai,766.72,Sale,Valid
2280,Women,Soccer,Mercurial Superfly,M,1,6769.465,0.0,6769.46,2025-02-13,Online,Delhi,3069.57,Return,Valid
2281,Kids,Lifestyle,Waffle One,M,2,5349.78,0.0,10699.56,2025-07-13,Retail,Kolkata,1753.48,Sale,Valid
2282,Men,Running,Free RN,,1,6299.575,0.26,4661.69,2024-11-14,Retail,Mumbai,-1002.46,Sale,Valid
2283,Men,Soccer,Mercurial Superfly,10,1,6769.465,0.0,6769.46,2024-08-21,Retail,Delhi,468.59,Sale,Valid
2284,Kids,Soccer,Mercurial Superfly,M,2,6769.465,0.53,6363.3,2024-08-10,Online,Kolkata,1370.01,Sale,Valid
2286,Women,Lifestyle,Waffle One,,2,5349.78,0.0,10699.56,2024-10-16,Online,Bangalore,2419.09,Sale,Valid
2288,Women,Training,ZoomX Invincible,,1,6424.68,0.25,4818.51,2024-08-24,Retail,Hyderabad,1570.91,Sale,Valid
2290,Women,Training,Flex Trainer,L,1,6481.055,0.0,6481.06,2024-10-20,Online,Kolkata,546.66,Sale,Valid
2292,Women,Running,Free RN,M,2,6299.575,1.0,0.0,2024-05-11,Online,Kolkata,1192.5,Sale,Review
2293,Women,Basketball,Air Jordan,XL,3,5974.92,0.0,17924.76,2025-05-13,Retail,Mumbai,2525.87,Sale,Valid
2012,Women,Soccer,Phantom GT,,2,6012.23,0.0,12024.46,2024-01-09,Retail,Hyderabad,-914.59,Sale,Valid
2295,Kids,Lifestyle,Dunk Low,,2,6091.98,0.81,2314.95,2025-06-17,Retail,Hyderabad,3901.16,Sale,Review
2296,Women,Soccer,Phantom GT,,2,6012.23,0.0,12024.46,2024-08-15,Online,Delhi,-1188.86,Sale,Valid
2297,Kids,Basketball,LeBron 20,M,2,6356.31,0.74,3305.28,2024-12-31,Online,Pune,454.97,Sale,Valid
2298,Men,Training,SuperRep Go,,1,5571.14,0.49,2841.28,2025-11-06,Retail,Kolkata,3445.5,Sale,Review
2299,Kids,Soccer,Phantom GT,,2,6012.23,0.77,2765.63,2025-09-05,Online,Hyderabad,2596.8,Sale,Valid
2300,Men,Basketball,Air Jordan,L,3,6331.64,0.78,4178.88,2024-08-17,Retail,Delhi,3380.28,Sale,Valid
2301,Men,Soccer,Mercurial Superfly,XL,2,7982.2,0.0,15964.4,2024-12-29,Online,Pune,-505.58,Sale,Valid
2303,Kids,Running,Free RN,L,2,2504.09,0.0,5008.18,2024-12-24,Retail,Hyderabad,2971.55,Sale,Valid
2304,Men,Training,Flex Trainer,11,1,6481.055,0.0,6481.06,2024-11-28,Online,Hyderabad,2055.87,Sale,Valid
2306,Kids,Basketball,Air Jordan,,1,8267.56,0.29,5869.97,2024-11-10,Retail,Bangalore,476.25,Sale,Valid
2307,Women,Running,Free RN,XL,2,9369.1,0.0,18738.2,2025-06-18,Retail,Kolkata,2390.7,Sale,Valid
2310,Men,Running,Air Zoom,XL,1,5548.255,0.0,5548.26,2025-04-02,Online,Kolkata,-1061.45,Sale,Valid
2312,Kids,Soccer,Premier III,,2,6060.035,0.0,12120.07,2024-09-30,Online,Bangalore,249.56,Sale,Valid
2314,Women,Soccer,Mercurial Superfly,M,2,6769.465,0.86,1895.45,2024-09-12,Retail,Mumbai,1505.11,Sale,Valid
2315,Men,Basketball,Kyrie Flytrap,M,2,9149.88,0.71,5306.93,2024-12-11,Retail,Hyderabad,143.06,Sale,Valid
2317,Men,Training,Flex Trainer,M,1,9695.44,1.0,0.0,2024-09-13,Online,Kolkata,32.45,Sale,Review
2318,Men,Soccer,Phantom GT,11,2,6012.23,0.25,9018.34,2025-04-04,Retail,Delhi,1894.17,Sale,Valid
2319,Women,Basketball,Kyrie Flytrap,L,1,5649.99,0.0,5649.99,2025-06-29,Online,Delhi,2141.68,Return,Valid
2320,Kids,Running,Pegasus Turbo,XL,1,4033.28,0.0,4033.28,2025-01-23,Retail,Hyderabad,1265.74,Sale,Valid
2321,Men,Lifestyle,Dunk Low,8,2,6091.98,0.0,12183.96,2024-06-10,Online,Mumbai,-362.47,Sale,Valid
2323,Men,Lifestyle,Dunk Low,,2,6537.29,0.0,13074.58,2025-05-01,Online,Bangalore,-453.11,Sale,Valid
2326,Women,Lifestyle,Dunk Low,XL,4,9936.94,0.0,39747.76,2024-10-12,Retail,Kolkata,2047.65,Sale,Valid
2327,Men,Training,Flex Trainer,XL,4,6640.67,0.0,26562.68,2025-03-21,Retail,Delhi,3402.41,Sale,Valid
2328,Men,Lifestyle,Waffle One,6,2,6449.46,0.29,9158.23,2024-09-11,Online,Mumbai,39.69,Sale,Valid
2329,Men,Basketball,Kyrie Flytrap,L,4,4981.26,0.0,19925.04,2025-05-06,Online,Mumbai,1833.07,Sale,Valid
2330,Women,Training,Flex Trainer,XL,1,6481.055,0.06,6092.19,2024-10-22,Online,Mumbai,-648.08,Sale,Valid
2331,Kids,Basketball,Kyrie Flytrap,L,2,9023.07,0.0,18046.14,2024-11-23,Retail,Mumbai,-304.92,Sale,Valid
2332,Kids,Training,Flex Trainer,,1,6481.055,0.22,5055.22,2024-07-15,Retail,Pune,2914.06,Return,Valid
2334,Women,Training,SuperRep Go,L,4,5587.585,0.82,4023.06,2024-06-06,Retail,Mumbai,-80.25,Sale,Valid
2336,Kids,Soccer,Mercurial Superfly,8,4,8482.43,0.0,33929.72,2023-10-22,Online,Pune,3854.71,Sale,Valid
2337,Women,Training,SuperRep Go,,1,5587.585,0.0,5587.58,2024-10-17,Online,Pune,3186.84,Sale,Valid
2340,Women,Running,Free RN,7,3,6299.575,0.91,1700.89,2024-08-07,Online,Mumbai,-425.99,Sale,Valid
2341,Women,Lifestyle,Waffle One,11,2,5349.78,0.0,10699.56,2025-04-22,Online,Hyderabad,-280.18,Sale,Valid
2342,Women,Training,Metcon 7,XL,1,5744.7,0.0,5744.7,2024-08-19,Retail,Kolkata,3463.09,Sale,Valid
2344,Kids,Training,ZoomX Invincible,10,1,6424.68,0.65,2248.64,2025-06-20,Online,Kolkata,938.88,Return,Valid
2347,Men,Training,Flex Trainer,L,1,9653.35,0.0,9653.35,2024-09-21,Retail,Bangalore,3511.89,Sale,Valid
2348,Kids,Training,Metcon 7,XL,1,6591.41,0.0,6591.41,2025-04-29,Retail,Delhi,2604.68,Sale,Valid
2349,Kids,Soccer,Tiempo Legend,10,3,5830.525,0.0,17491.57,2023-10-25,Online,Delhi,-902.62,Sale,Valid
2350,Men,Running,Air Zoom,,4,8228.88,0.0,32915.52,2025-03-21,Retail,Delhi,2494.5,Sale,Valid
2351,Men,Basketball,LeBron 20,11,3,4179.34,0.0,12538.02,2024-07-29,Retail,Pune,2363.69,Sale,Valid
2352,Men,Basketball,LeBron 20,M,2,6630.92,0.0,13261.84,2025-03-24,Online,Bangalore,599.21,Sale,Valid
2355,Women,Lifestyle,Waffle One,L,1,5349.78,0.0,5349.78,2024-07-26,Retail,Bangalore,-887.83,Sale,Valid
2356,Men,Basketball,Air Jordan,L,2,5974.92,0.0,11949.84,2025-02-17,Retail,Pune,543.26,Sale,Valid
2357,Women,Lifestyle,Air Force 1,M,2,6554.6849999999995,1.0,0.0,2025-04-28,Retail,Bangalore,-1199.32,Sale,Valid
2358,Men,Basketball,LeBron 20,M,4,6630.92,0.0,26523.68,2025-02-24,Online,Pune,1819.6,Sale,Valid
2360,Women,Training,Metcon 7,XL,1,5744.7,0.85,861.71,2024-07-12,Online,Hyderabad,1947.5,Sale,Review
2362,Women,Lifestyle,Blazer Mid,XL,2,5786.02,1.0,0.0,2024-12-09,Online,Bangalore,3817.26,Sale,Review
2363,Kids,Running,Pegasus Turbo,XL,1,5419.15,1.0,0.0,2025-01-07,Retail,Hyderabad,-597.61,Sale,Valid
2365,Women,Running,React Infinity,10,1,6346.35,0.0,6346.35,2024-08-17,Online,Hyderabad,3555.61,Sale,Valid
2366,Kids,Lifestyle,Waffle One,M,2,5349.78,0.63,3958.84,2025-05-08,Retail,Bangalore,3737.47,Sale,Valid
2367,Kids,Lifestyle,Dunk Low,XL,4,6202.99,0.84,3969.91,2024-11-12,Online,Bangalore,-202.12,Sale,Valid
2368,Women,Lifestyle,Waffle One,L,2,5582.98,0.0,11165.96,2023-08-04,Retail,Delhi,2369.28,Sale,Valid
2370,Men,Running,Pegasus Turbo,L,2,5286.01,0.0,10572.02,2025-02-04,Online,Delhi,867.37,Sale,Valid
2371,Kids,Training,Flex Trainer,,1,6481.055,0.05,6157.0,2025-04-15,Online,Kolkata,3424.65,Sale,Valid
2372,Men,Running,Free RN,,1,7624.86,0.0,7624.86,2025-05-23,Online,Kolkata,3365.96,Sale,Valid
2373,Women,Lifestyle,Air Force 1,XL,2,8637.25,0.35,11228.42,2024-09-22,Retail,Kolkata,2738.82,Sale,Valid
2375,Men,Training,Metcon 7,,1,9061.25,0.0,9061.25,2025-05-04,Retail,Mumbai,990.59,Return,Valid
2376,Men,Lifestyle,Dunk Low,XL,2,3718.82,0.88,892.52,2024-10-03,Online,Delhi,-234.66,Sale,Valid
2377,Men,Basketball,LeBron 20,,4,6630.92,0.0,26523.68,2025-02-07,Online,Mumbai,2438.24,Sale,Valid
2378,Women,Basketball,LeBron 20,XL,1,6630.92,0.0,6630.92,2024-04-11,Retail,Mumbai,2107.42,Return,Valid
2379,Men,Lifestyle,Air Force 1,L,4,6554.6849999999995,0.0,26218.74,2024-04-09,Online,Mumbai,3289.77,Sale,Valid
2380,Men,Soccer,Phantom GT,M,1,7932.85,0.0,7932.85,2024-09-12,Retail,Delhi,2707.27,Sale,Valid
2381,Kids,Lifestyle,Dunk Low,M,3,4834.65,1.0,0.0,2024-10-12,Retail,Pune,213.96,Sale,Review
2382,Men,Lifestyle,Waffle One,L,4,5349.78,0.0,21399.12,2024-03-09,Retail,Mumbai,787.42,Sale,Valid
2384,Women,Training,SuperRep Go,,3,2070.97,1.0,0.0,2024-05-09,Online,Delhi,42.89,Sale,Review
2385,Men,Training,Metcon 7,,1,5744.7,0.0,5744.7,2024-03-10,Retail,Delhi,1443.09,Sale,Valid
2386,Men,Basketball,Kyrie Flytrap,M,2,2271.77,0.0,4543.54,2025-07-13,Online,Pune,2029.55,Sale,Valid
2387,Women,Basketball,Kyrie Flytrap,,3,5584.225,0.0,16752.68,2024-09-21,Online,Pune,1042.09,Sale,Valid
2388,Kids,Running,Air Zoom,L,1,5321.46,0.0,5321.46,2024-09-02,Retail,Bangalore,2587.26,Sale,Valid
2390,Kids,Lifestyle,Waffle One,XL,1,5349.78,0.0,5349.78,2025-05-24,Online,Delhi,496.54,Return,Valid
2394,Kids,Lifestyle,Air Force 1,XL,2,6554.6849999999995,0.2,10487.5,2023-08-18,Online,Delhi,-133.03,Sale,Valid
2395,Kids,Soccer,Premier III,XL,1,6060.035,0.0,6060.04,2025-07-08,Online,Pune,85.0,Sale,Valid
2396,Men,Basketball,Air Jordan,L,2,5967.92,0.03,11577.76,2025-09-06,Retail,Pune,859.93,Sale,Valid
2397,Men,Soccer,Phantom GT,XL,2,6012.23,0.0,12024.46,2023-12-27,Retail,Mumbai,3996.96,Sale,Valid
2399,Women,Running,Air Zoom,L,1,6188.29,0.0,6188.29,2024-08-07,Retail,Pune,515.6,Return,Valid
2025,Kids,Training,ZoomX Invincible,XL,4,6743.07,0.0,26972.28,2024-10-09,Online,Pune,-277.41,Sale,Valid
2402,Kids,Running,React Infinity,,1,6437.85,0.0,6437.85,2025-03-09,Online,Mumbai,1231.3,Sale,Valid
2403,Women,Running,React Infinity,XL,1,6346.35,1.0,0.0,2024-08-24,Retail,Delhi,1309.54,Sale,Review
2404,Men,Lifestyle,Blazer Mid,XL,2,5786.02,0.09,10530.56,2024-01-25,Online,Pune,-501.36,Sale,Valid
2405,Men,Basketball,Kyrie Flytrap,6,1,5584.225,0.0,5584.22,2024-11-17,Online,Kolkata,69.95,Sale,Valid
2406,Men,Training,Metcon 7,L,4,6458.72,0.0,25834.88,2023-09-17,Online,Mumbai,402.0,Sale,Valid
2407,Kids,Running,Free RN,6,1,9193.15,0.0,9193.15,2023-12-30,Online,Kolkata,521.77,Sale,Valid
2408,Men,Soccer,Premier III,XL,1,6060.035,0.0,6060.04,2024-10-09,Retail,Bangalore,1731.86,Sale,Valid
2409,Men,Basketball,Zoom Freak,M,2,6172.36,0.0,12344.72,2025-01-19,Retail,Bangalore,2993.72,Sale,Valid
2410,Kids,Basketball,Air Jordan,,2,5974.92,1.0,0.0,2025-03-27,Retail,Hyderabad,1344.49,Sale,Review
2414,Women,Basketball,Air Jordan,XL,2,8141.8,0.0,16283.6,2024-01-25,Online,Hyderabad,-829.35,Sale,Valid
2415,Women,Running,Free RN,8,3,6178.39,0.0,18535.17,2024-07-22,Retail,Bangalore,73.75,Sale,Valid
2416,Kids,Soccer,Mercurial Superfly,9,3,6245.23,1.0,0.0,2024-12-14,Retail,Mumbai,3485.64,Sale,Review
2417,Men,Lifestyle,Dunk Low,,2,8293.38,1.0,0.0,2024-12-29,Retail,Bangalore,1727.06,Sale,Review
2418,Men,Soccer,Phantom GT,XL,2,9288.75,0.54,8545.65,2025-04-29,Retail,Mumbai,3110.43,Sale,Valid
2419,Men,Lifestyle,Dunk Low,L,2,8738.99,0.47,9263.33,2024-07-14,Online,Hyderabad,2868.49,Sale,Valid
2420,Kids,Basketball,Zoom Freak,9,2,6172.36,1.0,0.0,2024-04-11,Online,Hyderabad,1664.6,Sale,Review
2421,Women,Running,React Infinity,M,2,8136.39,0.0,16272.78,2025-03-10,Retail,Pune,3398.15,Sale,Valid
2422,Kids,Soccer,Tiempo Legend,,4,5830.525,0.0,23322.1,2024-07-23,Retail,Mumbai,3044.66,Sale,Valid
2425,Kids,Training,ZoomX Invincible,XL,1,6424.68,0.38,3983.3,2024-12-30,Online,Bangalore,3058.78,Sale,Valid
2426,Kids,Lifestyle,Dunk Low,M,2,2278.67,0.56,2005.23,2025-05-03,Retail,Pune,-72.52,Sale,Valid
2427,Men,Running,Pegasus Turbo,7,1,2904.11,0.0,2904.11,2025-06-13,Online,Delhi,1683.98,Sale,Valid
2428,Kids,Basketball,Kyrie Flytrap,12,2,5584.225,0.0,11168.45,2024-07-12,Retail,Mumbai,427.51,Sale,Valid
2429,Kids,Lifestyle,Dunk Low,L,2,6091.98,0.0,12183.96,2025-05-25,Online,Mumbai,550.48,Sale,Valid
2430,Women,Soccer,Tiempo Legend,12,3,5830.525,0.1,15742.42,2025-07-09,Online,Pune,215.3,Sale,Valid
2431,Women,Lifestyle,Blazer Mid,L,1,5786.02,0.0,5786.02,2024-11-15,Online,Hyderabad,1627.78,Sale,Valid
2432,Women,Basketball,Zoom Freak,L,1,3036.61,0.86,425.13,2024-10-26,Online,Mumbai,3754.3,Sale,Review
2434,Kids,Training,Metcon 7,M,1,3019.25,0.79,634.04,2025-02-11,Online,Hyderabad,387.15,Return,Valid
2435,Kids,Lifestyle,Waffle One,XL,2,5853.58,0.0,11707.16,2024-04-01,Retail,Kolkata,2378.82,Sale,Valid
2437,Women,Running,Pegasus Turbo,XL,3,5286.01,0.53,7453.27,2024-07-31,Retail,Hyderabad,-281.42,Sale,Valid
2438,Men,Training,Metcon 7,8,1,5744.7,0.0,5744.7,2024-11-24,Retail,Mumbai,2965.39,Sale,Valid
2439,Men,Lifestyle,Blazer Mid,L,1,3239.59,0.0,3239.59,2025-03-03,Retail,Bangalore,3467.1,Return,Review
2440,Women,Basketball,Kyrie Flytrap,XL,1,7510.8,0.0,7510.8,2024-12-11,Retail,Kolkata,2989.6,Return,Valid
2442,Men,Soccer,Tiempo Legend,L,2,5830.525,0.04,11194.61,2025-01-26,Online,Mumbai,3083.26,Sale,Valid
2443,Women,Basketball,LeBron 20,M,1,6271.66,0.0,6271.66,2025-03-15,Retail,Mumbai,2449.43,Sale,Valid
2444,Women,Lifestyle,Blazer Mid,XL,3,3676.04,0.0,11028.12,2025-05-25,Retail,Pune,1621.74,Sale,Valid
2445,Women,Basketball,Air Jordan,XL,2,5974.92,0.0,11949.84,2024-02-12,Online,Kolkata,141.93,Sale,Valid
2447,Kids,Lifestyle,Waffle One,XL,2,5349.78,0.0,10699.56,2024-05-04,Online,Kolkata,1291.8,Sale,Valid
2449,Women,Training,SuperRep Go,,1,3664.69,0.0,3664.69,2025-02-03,Retail,Hyderabad,-173.68,Return,Valid
2450,Men,Basketball,Air Jordan,12,2,7520.63,0.0,15041.26,2025-07-19,Online,Kolkata,1786.43,Sale,Valid
2451,Kids,Soccer,Premier III,,2,6060.035,0.54,5575.23,2023-11-04,Online,Mumbai,2233.57,Sale,Valid
2454,Women,Soccer,Tiempo Legend,XL,2,5830.525,0.19,9445.45,2025-02-25,Online,Bangalore,3100.44,Sale,Valid
2455,Women,Training,Metcon 7,,1,4071.46,0.0,4071.46,2025-03-22,Retail,Delhi,2003.31,Sale,Valid
2458,Kids,Soccer,Phantom GT,,2,6012.23,0.0,12024.46,2023-12-20,Retail,Pune,573.21,Sale,Valid
2459,Kids,Basketball,Air Jordan,M,2,3572.52,0.0,7145.04,2024-04-20,Retail,Kolkata,-404.04,Sale,Valid
2460,Women,Basketball,Zoom Freak,XL,2,5482.96,0.35,7127.85,2024-11-04,Online,Kolkata,-823.8,Sale,Valid
2462,Men,Basketball,Zoom Freak,8,2,4468.7,0.49,4558.07,2025-01-23,Retail,Pune,2143.6,Sale,Valid
2037,Women,Running,React Infinity,XL,1,6346.35,0.0,6346.35,2024-10-04,Online,Delhi,438.39,Sale,Valid
2464,Women,Lifestyle,Blazer Mid,XL,3,2699.59,0.0,8098.77,2024-06-30,Retail,Hyderabad,3507.56,Sale,Valid
2465,Kids,Lifestyle,Blazer Mid,7,1,7814.02,0.0,7814.02,2025-03-22,Retail,Pune,684.07,Sale,Valid
2466,Women,Soccer,Mercurial Superfly,,1,6569.65,0.0,6569.65,2025-07-05,Retail,Pune,3056.38,Return,Valid
2467,Kids,Training,SuperRep Go,M,1,8484.82,0.0,8484.82,2023-11-05,Online,Mumbai,1899.54,Sale,Valid
2469,Men,Training,Metcon 7,XL,4,5744.7,1.0,0.0,2025-05-21,Retail,Mumbai,-279.26,Sale,Valid
2470,Men,Soccer,Mercurial Superfly,L,2,6769.465,0.0,13538.93,2024-07-11,Online,Delhi,1099.17,Sale,Valid
2472,Men,Basketball,LeBron 20,L,2,2255.65,0.0,4511.3,2025-04-05,Online,Mumbai,560.7,Sale,Valid
2474,Kids,Training,Metcon 7,M,1,5744.7,0.0,5744.7,2024-12-21,Retail,Delhi,115.11,Sale,Valid
2475,Men,Running,Free RN,L,2,6299.575,1.0,0.0,2025-01-07,Online,Bangalore,3885.97,Sale,Review
2477,Women,Training,ZoomX Invincible,M,1,5923.67,0.0,5923.67,2024-09-30,Online,Hyderabad,-177.68,Sale,Valid
2478,Women,Soccer,Mercurial Superfly,,2,6769.465,0.62,5144.79,2025-12-05,Online,Pune,-223.4,Sale,Valid
2480,Men,Basketball,Kyrie Flytrap,M,2,5584.225,0.0,11168.45,2024-08-20,Retail,Pune,25.18,Sale,Valid
2481,Women,Soccer,Premier III,7,1,9145.37,0.07,8505.19,2025-04-17,Online,Pune,1755.19,Sale,Valid
2482,Men,Lifestyle,Air Force 1,XL,2,6554.6849999999995,0.0,13109.37,2024-09-14,Online,Mumbai,2642.8,Sale,Valid
2483,Kids,Running,Free RN,,1,6299.575,0.0,6299.58,2025-05-17,Retail,Delhi,856.75,Return,Valid
2484,Men,Soccer,Mercurial Superfly,10,2,5308.26,1.0,0.0,2025-10-05,Retail,Bangalore,1189.82,Sale,Review
2485,Kids,Running,Air Zoom,M,1,9307.2,0.0,9307.2,2024-12-17,Online,Hyderabad,16.06,Sale,Valid
2487,Men,Running,Air Zoom,L,3,5881.13,0.8,3528.68,2025-03-31,Online,Hyderabad,2108.4,Sale,Valid
2489,Men,Lifestyle,Air Force 1,,4,6554.6849999999995,0.18,21499.37,2024-02-10,Retail,Hyderabad,1415.34,Sale,Valid
2490,Women,Soccer,Premier III,L,3,5015.19,0.75,3761.39,2024-11-26,Online,Hyderabad,-494.53,Sale,Valid
2491,Kids,Soccer,Phantom GT,M,2,8998.44,0.0,17996.88,2025-05-28,Online,Bangalore,-432.44,Sale,Valid
2493,Women,Soccer,Premier III,,3,6042.94,0.0,18128.82,2024-11-26,Retail,Kolkata,1659.75,Sale,Valid
2494,Kids,Lifestyle,Dunk Low,,2,6091.98,0.0,12183.96,2024-11-20,Retail,Mumbai,1007.7,Sale,Valid
2495,Kids,Basketball,LeBron 20,,3,6630.92,1.0,0.0,2025-01-20,Retail,Bangalore,36.16,Sale,Review
2496,Kids,Running,React Infinity,M,2,4110.72,0.32,5590.58,2024-12-24,Retail,Bangalore,3894.95,Sale,Valid
2497,Kids,Basketball,Air Jordan,XL,1,5974.92,0.0,5974.92,2023-11-29,Online,Mumbai,2592.98,Sale,Valid
2498,Kids,Training,ZoomX Invincible,,1,6424.68,0.0,6424.68,2025-01-06,Retail,Pune,1574.98,Sale,Valid
2499,Women,Soccer,Premier III,L,2,8347.87,0.0,16695.74,2024-06-07,Retail,Hyderabad,1488.3,Sale,Valid
2500,Kids,Running,Pegasus Turbo,,1,5286.01,0.99,52.86,2025-07-06,Online,Bangalore,3100.16,Sale,Review
2501,Women,Lifestyle,Air Force 1,L,2,6453.36,0.0,12906.72,2025-04-06,Retail,Kolkata,2321.06,Sale,Valid
2503,Women,Training,ZoomX Invincible,XL,1,6424.68,0.0,6424.68,2025-01-20,Online,Bangalore,-173.16,Return,Valid
2505,Women,Running,Free RN,9,1,6299.575,1.0,0.0,2025-03-07,Online,Bangalore,3748.24,Sale,Review
2506,Men,Training,SuperRep Go,,1,2225.73,0.0,2225.73,2025-05-27,Online,Delhi,276.63,Sale,Valid
2507,Men,Soccer,Phantom GT,L,2,6012.23,0.0,12024.46,2024-03-13,Retail,Hyderabad,2116.53,Sale,Valid
2509,Men,Running,React Infinity,L,1,6346.35,0.0,6346.35,2024-11-23,Online,Bangalore,1086.09,Sale,Valid
2511,Men,Running,Pegasus Turbo,,1,6310.25,0.1,5679.22,2025-02-13,Online,Bangalore,2399.42,Return,Valid
2513,Women,Basketball,Zoom Freak,XL,4,9848.8,0.0,39395.2,2024-10-11,Online,Pune,2764.66,Sale,Valid
2514,Kids,Basketball,Air Jordan,M,1,5974.92,0.0,5974.92,2025-05-26,Online,Bangalore,1790.41,Sale,Valid
2516,Kids,Running,React Infinity,,1,6346.35,0.0,6346.35,2024-01-21,Online,Pune,157.65,Sale,Valid
2518,Women,Basketball,Air Jordan,L,2,5974.92,1.0,0.0,2024-07-03,Retail,Delhi,-703.61,Sale,Valid
2519,Women,Running,React Infinity,L,1,9701.72,0.0,9701.72,2024-11-10,Online,Hyderabad,-835.82,Sale,Valid
2520,Kids,Soccer,Mercurial Superfly,,2,6769.465,0.14,11643.48,2025-09-05,Online,Bangalore,-945.88,Sale,Valid
2521,Kids,Lifestyle,Blazer Mid,M,4,3645.35,0.0,14581.4,2024-09-25,Online,Kolkata,3265.83,Sale,Valid
2522,Men,Running,Pegasus Turbo,XL,4,6243.91,0.0,24975.64,2024-02-13,Retail,Kolkata,-199.13,Sale,Valid
2523,Men,Basketball,LeBron 20,M,2,7007.6,0.0,14015.2,2024-07-08,Retail,Kolkata,2068.49,Sale,Valid
2524,Women,Lifestyle,Air Force 1,XL,2,6554.6849999999995,0.0,13109.37,2024-11-21,Online,Kolkata,997.53,Sale,Valid
2525,Women,Training,Metcon 7,XL,2,5744.7,0.0,11489.4,2025-02-18,Retail,Kolkata,3453.18,Sale,Valid
2526,Kids,Lifestyle,Waffle One,10,1,5349.78,0.0,5349.78,2024-08-01,Retail,Hyderabad,3188.07,Sale,Valid
2527,Men,Lifestyle,Air Force 1,XL,2,7408.91,0.0,14817.82,2024-03-18,Online,Delhi,-138.78,Sale,Valid
2528,Women,Training,ZoomX Invincible,11,2,6424.68,0.0,12849.36,2025-10-06,Online,Delhi,134.1,Sale,Valid
2530,Women,Lifestyle,Dunk Low,M,2,4357.79,0.0,8715.58,2025-02-27,Retail,Mumbai,3936.13,Sale,Valid
2531,Men,Soccer,Premier III,XL,2,6060.035,0.0,12120.07,2025-09-04,Online,Hyderabad,2875.41,Sale,Valid
2532,Men,Soccer,Tiempo Legend,L,2,5830.525,0.0,11661.05,2025-04-17,Retail,Bangalore,72.78,Sale,Valid
2533,Women,Training,Flex Trainer,L,1,6481.055,1.0,0.0,2024-01-31,Online,Mumbai,2155.46,Sale,Review
2535,Men,Soccer,Tiempo Legend,XL,2,2786.84,0.21,4403.21,2025-01-25,Online,Mumbai,3345.36,Sale,Valid
2536,Kids,Running,Air Zoom,M,1,2221.78,0.55,999.8,2024-02-10,Retail,Delhi,-1091.66,Sale,Valid
2537,Women,Lifestyle,Waffle One,M,2,5349.78,0.0,10699.56,2025-05-30,Retail,Bangalore,2596.8,Sale,Valid
2538,Men,Lifestyle,Waffle One,,2,9701.24,0.0,19402.48,2024-10-06,Retail,Kolkata,223.82,Sale,Valid
2539,Women,Running,Free RN,L,1,6299.575,0.0,6299.58,2025-02-26,Online,Bangalore,3748.73,Sale,Valid
2540,Women,Lifestyle,Air Force 1,L,2,8794.64,0.0,17589.28,2025-01-09,Online,Mumbai,-938.07,Sale,Valid
2541,Kids,Running,React Infinity,M,1,6346.35,0.0,6346.35,2025-05-19,Retail,Mumbai,-1180.11,Sale,Valid
2545,Men,Training,Metcon 7,L,1,5744.7,0.0,5744.7,2025-04-26,Retail,Bangalore,924.07,Sale,Valid
2546,Kids,Training,ZoomX Invincible,XL,1,5179.57,0.0,5179.57,2024-03-10,Retail,Bangalore,2084.99,Sale,Valid
2547,Women,Soccer,Mercurial Superfly,M,1,3068.13,0.0,3068.13,2025-08-07,Retail,Kolkata,-586.29,Sale,Valid
2548,Kids,Running,Pegasus Turbo,L,1,9557.0,0.0,9557.0,2025-04-23,Online,Delhi,3847.47,Sale,Valid
2550,Men,Soccer,Premier III,XL,1,6121.21,0.05,5815.15,2023-09-08,Online,Kolkata,2470.08,Sale,Valid
2552,Women,Soccer,Premier III,10,1,6060.035,0.41,3575.42,2025-03-05,Retail,Hyderabad,3389.34,Sale,Valid
2553,Kids,Basketball,Kyrie Flytrap,,2,6708.16,0.0,13416.32,2025-02-24,Online,Delhi,-739.72,Sale,Valid
2554,Women,Training,Flex Trainer,M,1,6755.56,0.0,6755.56,2025-01-13,Retail,Bangalore,1002.19,Sale,Valid
2557,Men,Basketball,LeBron 20,M,3,6630.92,0.0,19892.76,2024-09-11,Retail,Kolkata,1115.74,Sale,Valid
2559,Men,Lifestyle,Air Force 1,7,3,6011.84,0.0,18035.52,2025-02-10,Online,Kolkata,-99.73,Sale,Valid
2560,Kids,Basketball,Zoom Freak,M,2,6172.36,0.0,12344.72,2025-01-16,Retail,Delhi,3493.16,Sale,Valid
2561,Women,Soccer,Tiempo Legend,XL,2,3642.21,0.0,7284.42,2024-03-25,Online,Bangalore,3900.7,Sale,Valid
2562,Kids,Training,ZoomX Invincible,L,1,6424.68,0.0,6424.68,2024-12-21,Retail,Mumbai,-79.1,Sale,Valid
2563,Men,Soccer,Mercurial Superfly,M,2,9443.35,0.54,8687.88,2025-04-13,Retail,Kolkata,2706.61,Sale,Valid
2564,Women,Basketball,LeBron 20,M,2,6630.92,0.72,3713.32,2023-08-07,Online,Delhi,1279.03,Sale,Valid
2565,Women,Lifestyle,Dunk Low,XL,4,3028.41,0.0,12113.64,2024-09-18,Online,Mumbai,1754.48,Sale,Valid
2567,Women,Running,Air Zoom,M,3,5548.255,0.0,16644.76,2024-09-15,Online,Pune,1162.3,Sale,Valid
2569,Women,Basketball,Air Jordan,L,2,9605.11,0.88,2305.23,2024-08-24,Online,Hyderabad,128.89,Sale,Valid
2570,Men,Basketball,Air Jordan,L,2,5974.92,0.0,11949.84,2025-03-22,Online,Bangalore,2986.69,Sale,Valid
2571,Kids,Soccer,Phantom GT,6,2,4728.95,0.0,9457.9,2023-11-28,Retail,Mumbai,276.98,Sale,Valid
2572,Men,Lifestyle,Waffle One,XL,1,2729.99,0.76,655.2,2024-01-31,Retail,Pune,1204.81,Return,Review
2573,Men,Soccer,Premier III,,2,6060.035,0.75,3030.02,2024-08-29,Online,Delhi,301.42,Sale,Valid
2574,Women,Soccer,Tiempo Legend,,2,3502.97,0.0,7005.94,2024-09-19,Retail,Delhi,-542.87,Sale,Valid
2575,Men,Training,Metcon 7,XL,2,3582.67,0.0,7165.34,2025-07-03,Online,Hyderabad,1982.16,Sale,Valid
2576,Kids,Running,Pegasus Turbo,10,1,9134.77,0.0,9134.77,2025-01-04,Online,Pune,-427.11,Sale,Valid
2577,Women,Running,Air Zoom,L,1,5545.52,0.0,5545.52,2023-11-16,Retail,Mumbai,1185.56,Return,Valid
2578,Men,Lifestyle,Blazer Mid,9,2,5786.02,0.0,11572.04,2025-05-10,Retail,Bangalore,3550.0,Sale,Valid
2579,Kids,Lifestyle,Dunk Low,7,3,9541.83,0.0,28625.49,2024-07-26,Online,Delhi,589.3,Sale,Valid
2580,Kids,Training,Flex Trainer,M,1,2749.79,0.0,2749.79,2024-06-12,Retail,Kolkata,2978.85,Sale,Review
2583,Men,Soccer,Tiempo Legend,M,2,5830.525,0.0,11661.05,2024-09-03,Retail,Mumbai,3051.16,Sale,Valid
2585,Kids,Basketball,Kyrie Flytrap,,2,5066.14,1.0,0.0,2025-01-17,Retail,Kolkata,-148.71,Sale,Valid
2586,Men,Running,Air Zoom,L,1,5548.255,0.99,55.48,2024-11-24,Online,Mumbai,1146.73,Sale,Review
2588,Kids,Basketball,LeBron 20,M,2,6630.92,0.0,13261.84,2025-07-19,Online,Pune,2861.32,Sale,Valid
2589,Men,Training,Metcon 7,M,3,5744.7,0.0,17234.1,2024-09-17,Online,Kolkata,1429.18,Sale,Valid
2591,Women,Training,SuperRep Go,,1,5587.585,0.0,5587.58,2025-06-21,Retail,Kolkata,1261.67,Sale,Valid
2592,Women,Lifestyle,Blazer Mid,M,2,5786.02,0.0,11572.04,2024-10-13,Retail,Mumbai,-907.48,Sale,Valid
2593,Men,Lifestyle,Dunk Low,L,2,8747.18,0.0,17494.36,2025-01-04,Retail,Mumbai,2505.6,Sale,Valid
2594,Women,Training,ZoomX Invincible,XL,3,7944.34,0.67,7864.9,2024-02-23,Retail,Hyderabad,1534.91,Sale,Valid
2597,Kids,Running,Air Zoom,,3,3348.83,0.0,10046.49,2024-12-05,Online,Bangalore,-540.08,Sale,Valid
2598,Women,Training,Metcon 7,8,1,9488.84,0.0,9488.84,2024-12-06,Retail,Bangalore,3505.24,Sale,Valid
2600,Kids,Lifestyle,Air Force 1,M,3,6554.6849999999995,0.0,19664.06,2024-04-11,Online,Pune,803.62,Sale,Valid
2601,Women,Soccer,Tiempo Legend,XL,1,5830.525,0.0,5830.52,2024-09-27,Retail,Delhi,3739.4,Sale,Valid
2602,Kids,Running,Free RN,XL,2,3518.53,0.0,7037.06,2024-11-17,Online,Pune,3494.88,Sale,Valid
2605,Kids,Lifestyle,Dunk Low,,1,7206.45,0.0,7206.45,2025-02-01,Online,Bangalore,-228.84,Return,Valid
2606,Women,Lifestyle,Air Force 1,L,2,4040.65,0.0,8081.3,2025-06-04,Retail,Mumbai,805.92,Sale,Valid
2607,Women,Basketball,LeBron 20,,2,6630.92,0.0,13261.84,2023-08-31,Online,Kolkata,3522.02,Sale,Valid
2609,Kids,Soccer,Premier III,M,2,9649.28,0.0,19298.56,2025-04-26,Online,Bangalore,2712.88,Sale,Valid
2610,Women,Lifestyle,Blazer Mid,M,2,8359.07,0.0,16718.14,2025-05-06,Online,Bangalore,167.72,Sale,Valid
2614,Women,Running,React Infinity,XL,1,2265.0,0.0,2265.0,2024-05-08,Retail,Bangalore,2095.44,Sale,Valid
2615,Women,Soccer,Phantom GT,XL,3,3042.37,0.12,8031.86,2025-03-24,Online,Pune,2105.48,Sale,Valid
2616,Men,Lifestyle,Waffle One,XL,2,5349.78,0.2,8559.65,2024-06-07,Online,Kolkata,2788.41,Sale,Valid
2618,Kids,Lifestyle,Dunk Low,XL,2,6091.98,0.0,12183.96,2025-06-23,Retail,Pune,3718.11,Sale,Valid
2619,Kids,Lifestyle,Waffle One,L,4,5349.78,0.65,7489.69,2024-01-22,Online,Hyderabad,-300.28,Sale,Valid
2621,Kids,Soccer,Phantom GT,L,3,6466.57,0.59,7953.88,2024-05-19,Online,Bangalore,-1152.86,Sale,Valid
2622,Kids,Lifestyle,Blazer Mid,M,2,8073.58,0.0,16147.16,2025-07-04,Online,Pune,-82.31,Sale,Valid
2623,Men,Running,Pegasus Turbo,L,1,4658.42,0.0,4658.42,2025-08-04,Retail,Mumbai,1622.42,Sale,Valid
2625,Kids,Training,Flex Trainer,M,1,6815.44,0.0,6815.44,2025-02-05,Online,Pune,3874.57,Return,Valid
2626,Men,Running,Air Zoom,7,1,5550.99,0.0,5550.99,2025-04-21,Retail,Bangalore,-757.9,Sale,Valid
2627,Women,Basketball,LeBron 20,7,2,6630.92,0.0,13261.84,2023-12-31,Online,Delhi,282.13,Sale,Valid
2628,Kids,Basketball,Kyrie Flytrap,L,4,5584.225,0.44,12508.66,2025-06-29,Retail,Pune,-348.88,Sale,Valid
2629,Kids,Lifestyle,Waffle One,XL,2,5349.78,0.0,10699.56,2024-10-23,Retail,Bangalore,1198.75,Sale,Valid
2631,Women,Basketball,Zoom Freak,,2,6172.36,0.0,12344.72,2025-03-16,Online,Kolkata,2848.46,Sale,Valid
2632,Men,Running,Pegasus Turbo,L,1,7504.2,0.99,75.04,2024-03-10,Online,Pune,2413.42,Return,Review
2634,Men,Lifestyle,Waffle One,,2,5815.75,0.0,11631.5,2024-08-22,Retail,Bangalore,3190.46,Sale,Valid
2635,Women,Running,React Infinity,M,1,3934.22,0.0,3934.22,2024-02-28,Online,Kolkata,430.63,Sale,Valid
2637,Kids,Training,SuperRep Go,L,1,5587.585,0.0,5587.58,2025-04-20,Retail,Hyderabad,3847.48,Sale,Valid
2638,Men,Soccer,Premier III,8,1,5028.99,0.0,5028.99,2024-01-22,Online,Pune,654.11,Sale,Valid
2639,Men,Lifestyle,Blazer Mid,XL,2,2597.93,0.0,5195.86,2025-06-25,Retail,Pune,374.95,Sale,Valid
2640,Kids,Training,ZoomX Invincible,9,2,7900.02,0.0,15800.04,2024-02-08,Online,Bangalore,861.92,Sale,Valid
2641,Men,Running,React Infinity,,1,2890.77,0.0,2890.77,2024-11-27,Online,Bangalore,1709.06,Sale,Valid
2642,Women,Lifestyle,Air Force 1,XL,2,6554.6849999999995,0.0,13109.37,2025-05-17,Retail,Pune,-785.16,Sale,Valid
2643,Men,Soccer,Mercurial Superfly,,2,6769.465,0.0,13538.93,2025-04-17,Retail,Mumbai,2715.31,Sale,Valid
2646,Men,Soccer,Premier III,XL,1,6060.035,0.89,666.6,2024-10-20,Retail,Kolkata,2676.52,Sale,Review
2648,Men,Running,React Infinity,L,1,3477.49,0.54,1599.65,2025-03-06,Retail,Delhi,3487.39,Sale,Review
2649,Women,Basketball,Kyrie Flytrap,L,2,6798.48,1.0,0.0,2025-01-02,Retail,Mumbai,2297.4,Sale,Review
2650,Men,Lifestyle,Blazer Mid,,2,5786.02,0.0,11572.04,2023-08-14,Retail,Bangalore,3703.68,Sale,Valid
2651,Kids,Basketball,Air Jordan,L,1,5974.92,0.0,5974.92,2024-10-27,Online,Kolkata,-819.33,Sale,Valid
2652,Women,Basketball,Air Jordan,,2,5974.92,1.0,0.0,2025-10-04,Online,Delhi,-240.8,Sale,Valid
2653,Men,Running,Pegasus Turbo,M,1,6178.85,1.0,0.0,2024-10-12,Online,Hyderabad,2550.88,Sale,Review
2654,Kids,Soccer,Tiempo Legend,M,2,5830.525,0.0,11661.05,2024-07-21,Online,Bangalore,2933.02,Sale,Valid
2657,Kids,Running,Air Zoom,M,4,5548.255,0.0,22193.02,2025-04-07,Online,Delhi,494.45,Sale,Valid
2658,Women,Lifestyle,Dunk Low,L,1,6091.98,0.0,6091.98,2025-04-26,Online,Delhi,155.53,Sale,Valid
2659,Kids,Basketball,LeBron 20,M,2,9945.56,1.0,0.0,2025-12-05,Online,Hyderabad,-1116.54,Sale,Valid
2660,Men,Training,Flex Trainer,,1,6481.055,0.0,6481.06,2024-01-11,Retail,Pune,2519.25,Sale,Valid
2663,Kids,Training,Metcon 7,L,2,5744.7,0.43,6548.96,2025-06-17,Retail,Delhi,3174.81,Sale,Valid
2664,Kids,Running,Pegasus Turbo,L,2,9103.08,0.0,18206.16,2024-11-12,Online,Mumbai,1726.8,Sale,Valid
2667,Women,Lifestyle,Air Force 1,XL,3,9367.66,0.0,28102.98,2025-03-23,Online,Delhi,-623.95,Sale,Valid
2668,Women,Training,ZoomX Invincible,M,1,6424.68,0.45,3533.57,2024-12-20,Retail,Bangalore,3138.32,Sale,Valid
2027,Men,Soccer,Premier III,12,4,7204.01,0.0,28816.04,2025-06-15,Retail,Delhi,3951.42,Sale,Valid
2671,Kids,Running,Air Zoom,XL,1,9264.49,0.0,9264.49,2025-06-26,Retail,Pune,491.18,Sale,Valid
2672,Women,Lifestyle,Air Force 1,XL,2,6554.6849999999995,0.0,13109.37,2024-08-04,Online,Mumbai,67.58,Sale,Valid
2674,Women,Lifestyle,Waffle One,7,1,4784.45,0.0,4784.45,2025-01-25,Online,Pune,3357.12,Return,Valid
2675,Women,Soccer,Premier III,12,3,6060.035,0.0,18180.1,2025-04-04,Online,Hyderabad,2731.71,Sale,Valid
2676,Men,Running,Air Zoom,10,1,5548.255,0.0,5548.26,2025-05-13,Online,Delhi,3932.36,Sale,Valid
2679,Men,Training,Flex Trainer,M,1,2758.08,0.04,2647.76,2024-07-05,Online,Bangalore,2447.58,Sale,Valid
2680,Kids,Training,Metcon 7,,1,5744.7,0.0,5744.7,2025-07-21,Retail,Pune,1044.98,Sale,Valid
2682,Men,Basketball,LeBron 20,XL,4,6630.92,0.41,15648.97,2024-08-28,Retail,Pune,3614.76,Sale,Valid
2683,Kids,Lifestyle,Dunk Low,XL,1,6091.98,0.0,6091.98,2025-12-06,Online,Mumbai,1119.71,Sale,Valid
2685,Kids,Lifestyle,Dunk Low,M,4,6091.98,0.0,24367.92,2025-05-22,Retail,Hyderabad,1377.72,Sale,Valid
2686,Women,Lifestyle,Blazer Mid,L,2,9585.39,1.0,0.0,2025-07-03,Retail,Hyderabad,761.26,Sale,Review
2687,Women,Lifestyle,Waffle One,8,1,2381.94,0.0,2381.94,2024-09-30,Retail,Delhi,1457.93,Return,Valid
2689,Women,Basketball,LeBron 20,,2,5260.17,0.0,10520.34,2025-01-28,Retail,Mumbai,1402.81,Sale,Valid
2690,Kids,Training,Metcon 7,6,1,5744.7,0.0,5744.7,2024-11-21,Online,Mumbai,1125.71,Sale,Valid
2692,Women,Training,Metcon 7,XL,1,5744.7,0.47,3044.69,2024-06-02,Online,Bangalore,2528.27,Sale,Valid
2693,Kids,Training,ZoomX Invincible,10,1,6424.68,0.0,6424.68,2025-05-11,Online,Bangalore,262.12,Sale,Valid
2694,Women,Training,Metcon 7,M,1,5744.7,0.0,5744.7,2024-07-25,Online,Hyderabad,-249.45,Sale,Valid
2695,Men,Basketball,Air Jordan,L,1,5974.92,0.0,5974.92,2024-12-10,Online,Hyderabad,3234.28,Return,Valid
2696,Women,Lifestyle,Blazer Mid,L,2,5786.02,1.0,0.0,2024-11-22,Online,Mumbai,66.43,Sale,Review
2697,Men,Basketball,Air Jordan,M,1,5974.92,0.09,5437.18,2025-06-25,Online,Delhi,681.86,Return,Valid
2701,Men,Training,SuperRep Go,XL,1,5587.585,0.0,5587.58,2024-11-29,Online,Delhi,2007.01,Sale,Valid
2703,Kids,Running,Pegasus Turbo,L,1,5214.32,0.0,5214.32,2025-06-24,Online,Kolkata,-637.13,Sale,Valid
2705,Men,Running,Pegasus Turbo,,1,5286.01,0.0,5286.01,2024-01-07,Retail,Pune,-37.88,Sale,Valid
2708,Kids,Basketball,Kyrie Flytrap,L,2,4523.72,0.0,9047.44,2024-10-14,Online,Hyderabad,-237.9,Sale,Valid
2709,Kids,Running,Free RN,10,1,6302.98,0.48,3277.55,2025-03-08,Retail,Delhi,2835.93,Sale,Valid
2712,Women,Running,Pegasus Turbo,XL,1,5286.01,0.0,5286.01,2024-07-22,Retail,Delhi,3024.11,Sale,Valid
2713,Men,Lifestyle,Air Force 1,L,1,7877.36,0.55,3544.81,2025-05-10,Retail,Kolkata,3663.49,Sale,Review
2719,Women,Training,Metcon 7,,1,4819.76,0.0,4819.76,2024-03-22,Retail,Kolkata,2066.12,Sale,Valid
2723,Women,Lifestyle,Dunk Low,XL,2,3403.54,0.0,6807.08,2025-03-10,Online,Kolkata,221.41,Sale,Valid
2724,Women,Training,Flex Trainer,L,1,8007.22,0.0,8007.22,2025-01-16,Online,Delhi,1190.2,Sale,Valid
2726,Women,Training,Flex Trainer,,1,6481.055,0.48,3370.15,2024-08-19,Retail,Pune,1392.27,Sale,Valid
2729,Kids,Training,Flex Trainer,,1,6383.55,0.0,6383.55,2025-04-29,Retail,Delhi,2079.06,Sale,Valid
2731,Kids,Lifestyle,Dunk Low,M,3,6091.98,0.0,18275.94,2025-03-28,Online,Kolkata,3961.27,Sale,Valid
2733,Women,Running,Free RN,L,1,6743.38,0.0,6743.38,2024-11-22,Online,Pune,1908.63,Sale,Valid
2734,Women,Soccer,Tiempo Legend,,1,5830.525,0.0,5830.52,2025-07-10,Online,Bangalore,1229.08,Return,Valid
2735,Kids,Running,Free RN,XL,1,6299.575,0.0,6299.58,2024-08-05,Online,Kolkata,928.63,Sale,Valid
2736,Men,Soccer,Tiempo Legend,,2,5830.525,0.49,5947.14,2025-02-22,Retail,Delhi,3042.49,Sale,Valid
2737,Kids,Basketball,Kyrie Flytrap,XL,2,5584.225,0.0,11168.45,2024-09-10,Retail,Mumbai,144.37,Sale,Valid
2738,Women,Training,ZoomX Invincible,M,3,6424.68,0.39,11757.16,2025-05-11,Retail,Pune,-712.53,Sale,Valid
2739,Kids,Running,Free RN,L,2,6299.575,0.26,9323.37,2025-02-04,Online,Kolkata,2350.69,Sale,Valid
2741,Women,Training,SuperRep Go,L,1,5241.9,0.0,5241.9,2025-01-15,Online,Hyderabad,-295.49,Sale,Valid
2742,Kids,Lifestyle,Blazer Mid,XL,2,7063.25,0.0,14126.5,2024-11-14,Online,Mumbai,3746.48,Sale,Valid
2745,Men,Soccer,Phantom GT,XL,1,6012.23,0.94,360.73,2024-12-31,Retail,Hyderabad,501.65,Return,Review
2746,Women,Basketball,Air Jordan,L,1,9795.69,0.0,9795.69,2024-09-21,Online,Mumbai,1044.46,Return,Valid
2748,Men,Basketball,Kyrie Flytrap,XL,2,5584.225,0.05,10610.03,2024-08-14,Retail,Pune,1010.96,Sale,Valid
2751,Men,Basketball,Air Jordan,XL,2,4776.83,0.0,9553.66,2025-03-09,Retail,Delhi,2857.99,Sale,Valid
2753,Men,Running,Pegasus Turbo,L,1,5286.01,0.0,5286.01,2024-12-02,Retail,Kolkata,-364.23,Sale,Valid
2754,Kids,Training,ZoomX Invincible,XL,1,6424.68,0.0,6424.68,2025-01-03,Online,Kolkata,3565.12,Sale,Valid
2755,Men,Running,React Infinity,M,3,8574.0,0.0,25722.0,2024-12-24,Online,Bangalore,161.95,Sale,Valid
2756,Women,Lifestyle,Waffle One,,2,8510.85,1.0,0.0,2023-09-21,Retail,Bangalore,1491.91,Sale,Review
2759,Kids,Soccer,Premier III,,2,6060.035,0.0,12120.07,2024-01-26,Retail,Delhi,1822.72,Sale,Valid
2760,Men,Training,SuperRep Go,7,1,5587.585,0.0,5587.58,2025-05-28,Online,Mumbai,1496.19,Sale,Valid
2763,Women,Soccer,Phantom GT,10,4,3328.58,0.0,13314.32,2024-07-31,Online,Pune,-763.34,Sale,Valid
2764,Kids,Lifestyle,Blazer Mid,,2,7776.94,0.0,15553.88,2025-03-17,Retail,Kolkata,-532.24,Sale,Valid
2765,Women,Soccer,Premier III,M,2,6370.84,0.0,12741.68,2025-06-24,Online,Mumbai,1609.7,Sale,Valid
2766,Women,Lifestyle,Dunk Low,,1,2609.07,0.0,2609.07,2024-12-23,Retail,Mumbai,-265.27,Return,Valid
2767,Kids,Basketball,Zoom Freak,L,2,6887.39,0.0,13774.78,2025-07-21,Online,Delhi,1562.76,Sale,Valid
2768,Men,Basketball,LeBron 20,,2,6630.92,0.0,13261.84,2025-01-03,Online,Pune,3525.96,Sale,Valid
2050,Men,Basketball,LeBron 20,,2,8335.48,0.57,7168.51,2025-06-30,Retail,Mumbai,832.37,Sale,Valid
2770,Men,Soccer,Tiempo Legend,9,2,5830.525,0.7,3498.32,2024-08-22,Online,Kolkata,-1095.12,Sale,Valid
2771,Men,Running,Pegasus Turbo,M,1,5222.92,0.0,5222.92,2025-05-26,Online,Delhi,1804.67,Sale,Valid
2772,Kids,Basketball,Zoom Freak,12,2,6172.36,0.0,12344.72,2025-04-01,Online,Pune,2332.29,Sale,Valid
2773,Women,Training,ZoomX Invincible,M,1,5045.62,1.0,0.0,2025-02-04,Online,Hyderabad,1191.02,Sale,Review
2776,Men,Training,Flex Trainer,L,1,6481.055,0.0,6481.06,2025-03-17,Retail,Mumbai,1143.68,Sale,Valid
2779,Kids,Basketball,Kyrie Flytrap,,2,5584.225,0.09,10163.29,2024-12-06,Online,Bangalore,-187.36,Sale,Valid
2781,Men,Training,Metcon 7,12,1,6546.59,0.68,2094.91,2023-09-03,Retail,Bangalore,1504.31,Sale,Valid
2783,Women,Running,React Infinity,,1,6346.35,0.36,4061.66,2024-08-09,Retail,Pune,134.95,Sale,Valid
2784,Women,Basketball,Kyrie Flytrap,M,2,5584.225,0.0,11168.45,2025-01-28,Online,Pune,2982.03,Sale,Valid
2785,Women,Lifestyle,Blazer Mid,L,2,5786.02,0.0,11572.04,2024-10-20,Retail,Hyderabad,-834.71,Sale,Valid
2786,Women,Lifestyle,Blazer Mid,9,2,5786.02,0.59,4744.54,2024-10-20,Online,Hyderabad,3872.35,Sale,Valid
2787,Kids,Training,Metcon 7,12,3,3440.88,0.0,10322.64,2024-08-31,Online,Pune,22.93,Sale,Valid
2788,Women,Soccer,Mercurial Superfly,M,2,7478.84,0.0,14957.68,2024-01-04,Retail,Hyderabad,-18.4,Sale,Valid
2789,Kids,Lifestyle,Dunk Low,M,2,6091.98,0.0,12183.96,2024-01-15,Retail,Kolkata,1756.75,Sale,Valid
2790,Kids,Running,React Infinity,XL,1,6346.35,0.0,6346.35,2024-08-17,Retail,Delhi,2554.82,Sale,Valid
2791,Kids,Training,Metcon 7,M,1,5744.7,0.0,5744.7,2024-05-29,Retail,Delhi,1194.43,Sale,Valid
2792,Kids,Lifestyle,Waffle One,L,1,4338.16,0.0,4338.16,2025-08-05,Online,Kolkata,-328.05,Return,Valid
2796,Men,Lifestyle,Dunk Low,12,1,2849.49,0.0,2849.49,2023-11-08,Retail,Mumbai,2597.58,Return,Valid
2797,Women,Lifestyle,Dunk Low,,2,2162.29,0.0,4324.58,2025-03-30,Retail,Delhi,3158.47,Sale,Valid
2799,Kids,Training,SuperRep Go,,3,2359.47,0.54,3256.07,2025-08-07,Online,Mumbai,3165.65,Sale,Valid
2801,Women,Running,React Infinity,8,2,6346.35,0.0,12692.7,2024-02-13,Retail,Mumbai,2966.12,Sale,Valid
2802,Men,Running,Free RN,L,3,6299.575,0.0,18898.72,2024-01-19,Online,Kolkata,-231.73,Sale,Valid
2805,Women,Running,Pegasus Turbo,L,1,5286.01,0.82,951.48,2023-08-28,Online,Pune,2037.76,Return,Review
2806,Kids,Basketball,Kyrie Flytrap,7,3,4466.78,0.0,13400.34,2024-02-10,Online,Bangalore,2407.08,Sale,Valid
2807,Kids,Training,ZoomX Invincible,L,2,6424.68,0.0,12849.36,2024-01-10,Online,Hyderabad,875.36,Sale,Valid
2811,Men,Basketball,Zoom Freak,8,3,9153.02,0.0,27459.06,2025-01-24,Retail,Bangalore,-77.61,Sale,Valid
2812,Men,Basketball,LeBron 20,,2,9507.39,0.01,18824.63,2024-08-08,Online,Kolkata,2570.01,Sale,Valid
2816,Men,Basketball,LeBron 20,M,3,5983.35,0.0,17950.05,2025-01-22,Retail,Hyderabad,916.13,Sale,Valid
2818,Kids,Soccer,Premier III,,1,6060.035,0.0,6060.04,2025-05-08,Retail,Pune,-797.91,Return,Valid
2819,Kids,Soccer,Premier III,9,2,7645.41,0.0,15290.82,2025-01-20,Retail,Bangalore,593.62,Sale,Valid
2820,Women,Lifestyle,Blazer Mid,M,4,8659.15,0.0,34636.6,2024-08-05,Online,Mumbai,2078.39,Sale,Valid
2822,Women,Lifestyle,Blazer Mid,11,2,8314.34,0.0,16628.68,2025-10-07,Retail,Bangalore,-1145.98,Sale,Valid
2823,Men,Soccer,Mercurial Superfly,L,1,6769.465,0.0,6769.46,2024-07-27,Retail,Mumbai,-1125.91,Sale,Valid
2824,Men,Basketball,Air Jordan,L,4,5123.35,0.0,20493.4,2024-11-02,Online,Mumbai,1620.37,Sale,Valid
2828,Women,Training,ZoomX Invincible,XL,1,2095.0,0.0,2095.0,2024-05-09,Online,Hyderabad,-831.4,Sale,Valid
2829,Men,Basketball,LeBron 20,XL,2,6630.92,0.0,13261.84,2024-07-17,Online,Kolkata,2539.92,Sale,Valid
2831,Women,Training,SuperRep Go,7,4,5587.585,0.0,22350.34,2024-11-10,Online,Mumbai,3134.87,Sale,Valid
2833,Women,Training,Flex Trainer,XL,4,2224.9,0.0,8899.6,2025-01-19,Online,Pune,-16.04,Sale,Valid
2834,Kids,Training,Flex Trainer,M,1,9544.08,0.0,9544.08,2024-09-05,Retail,Kolkata,575.58,Return,Valid
2835,Women,Lifestyle,Air Force 1,,2,9240.64,0.63,6838.07,2024-10-07,Retail,Pune,1873.76,Sale,Valid
2838,Women,Basketball,Air Jordan,XL,4,8605.73,0.0,34422.92,2025-08-01,Retail,Pune,-990.99,Sale,Valid
2839,Men,Lifestyle,Waffle One,6,2,5349.78,0.0,10699.56,2025-03-03,Online,Hyderabad,2992.52,Sale,Valid
2842,Women,Soccer,Phantom GT,M,1,6012.23,0.0,6012.23,2025-01-19,Online,Bangalore,-1193.98,Return,Valid
2843,Men,Training,SuperRep Go,12,1,5587.585,0.0,5587.58,2025-04-25,Online,Mumbai,3574.05,Sale,Valid
2845,Men,Training,ZoomX Invincible,,1,6424.68,0.0,6424.68,2023-10-31,Retail,Pune,40.98,Sale,Valid
2846,Kids,Training,ZoomX Invincible,L,1,2932.99,0.0,2932.99,2024-10-29,Online,Pune,-543.26,Sale,Valid
2848,Kids,Running,Free RN,8,1,9476.8,0.03,9192.5,2024-08-14,Online,Hyderabad,-350.03,Sale,Valid
2850,Kids,Lifestyle,Waffle One,XL,2,5349.78,0.0,10699.56,2024-11-10,Retail,Pune,458.86,Sale,Valid
2851,Kids,Lifestyle,Blazer Mid,XL,2,2241.11,0.0,4482.22,2024-12-28,Online,Mumbai,1243.95,Sale,Valid
2853,Women,Basketball,Kyrie Flytrap,XL,2,5584.225,0.0,11168.45,2025-02-06,Retail,Hyderabad,3841.05,Sale,Valid
2854,Women,Basketball,LeBron 20,,1,6630.92,0.98,132.62,2023-11-07,Online,Pune,1103.35,Return,Review
2855,Kids,Basketball,Air Jordan,,2,2809.8,0.0,5619.6,2025-04-20,Online,Mumbai,-425.73,Sale,Valid
2856,Kids,Basketball,Kyrie Flytrap,M,2,5584.225,1.0,0.0,2023-10-12,Online,Kolkata,3137.85,Sale,Review
2857,Women,Running,React Infinity,10,1,4105.44,0.73,1108.47,2024-08-25,Online,Kolkata,3197.09,Sale,Review
2860,Kids,Lifestyle,Air Force 1,XL,1,7568.04,0.0,7568.04,2025-04-07,Retail,Hyderabad,1365.3,Return,Valid
2862,Kids,Soccer,Phantom GT,9,4,7940.29,1.0,0.0,2024-11-11,Retail,Delhi,1803.25,Sale,Review
2863,Women,Training,Metcon 7,6,1,8609.77,0.0,8609.77,2024-11-23,Retail,Pune,-711.07,Sale,Valid
2864,Kids,Soccer,Tiempo Legend,,1,6445.79,0.45,3545.18,2025-03-23,Online,Bangalore,1534.89,Return,Valid
2865,Women,Soccer,Phantom GT,,1,6012.23,0.71,1743.55,2024-12-16,Retail,Kolkata,-94.06,Sale,Valid
2866,Kids,Training,SuperRep Go,11,2,5587.585,0.0,11175.17,2025-09-01,Online,Pune,273.28,Sale,Valid
2867,Men,Soccer,Mercurial Superfly,11,1,9936.58,0.0,9936.58,2025-02-20,Online,Hyderabad,3190.43,Sale,Valid
2868,Women,Running,React Infinity,M,1,7379.45,0.0,7379.45,2024-10-23,Retail,Delhi,-688.14,Sale,Valid
2869,Kids,Soccer,Premier III,M,4,6060.035,0.0,24240.14,2024-07-26,Online,Pune,1550.3,Sale,Valid
2870,Kids,Training,Metcon 7,M,1,9633.68,0.0,9633.68,2024-10-05,Retail,Delhi,771.96,Sale,Valid
2871,Men,Training,Flex Trainer,M,1,2294.09,0.0,2294.09,2025-07-22,Retail,Bangalore,1002.21,Sale,Valid
2872,Men,Basketball,Kyrie Flytrap,M,2,3953.13,0.0,7906.26,2024-01-08,Online,Kolkata,3414.32,Sale,Valid
2874,Women,Soccer,Mercurial Superfly,L,2,6769.465,0.01,13403.54,2024-03-04,Retail,Delhi,-109.71,Sale,Valid
2875,Women,Lifestyle,Dunk Low,L,4,7401.53,0.0,29606.12,2024-09-16,Retail,Bangalore,1559.28,Sale,Valid
2876,Kids,Lifestyle,Waffle One,,2,5349.78,0.0,10699.56,2024-08-21,Retail,Hyderabad,-94.98,Sale,Valid
2877,Women,Basketball,Kyrie Flytrap,,2,5584.225,0.0,11168.45,2024-12-08,Retail,Kolkata,3327.04,Sale,Valid
2879,Kids,Basketball,Zoom Freak,M,2,2831.62,0.0,5663.24,2025-03-02,Retail,Bangalore,1053.25,Sale,Valid
2883,Kids,Soccer,Premier III,,2,6060.035,0.0,12120.07,2025-03-24,Online,Delhi,1627.33,Sale,Valid
2884,Kids,Running,Pegasus Turbo,7,1,9897.0,0.0,9897.0,2025-10-05,Online,Hyderabad,-156.47,Sale,Valid
2887,Women,Lifestyle,Waffle One,L,2,9292.33,0.0,18584.66,2024-02-25,Online,Hyderabad,3747.95,Sale,Valid
2888,Kids,Running,Air Zoom,L,1,8956.73,1.0,0.0,2025-06-24,Online,Pune,2320.49,Sale,Review
2889,Women,Basketball,Zoom Freak,M,2,6172.36,1.0,0.0,2024-09-01,Online,Hyderabad,2447.88,Sale,Review
2890,Men,Soccer,Phantom GT,L,2,6012.23,0.0,12024.46,2025-05-23,Retail,Bangalore,-147.78,Sale,Valid
2892,Women,Running,Free RN,M,4,6299.575,0.0,25198.3,2024-11-24,Online,Bangalore,-1195.79,Sale,Valid
2893,Women,Running,React Infinity,10,1,6346.35,0.61,2475.08,2025-04-01,Retail,Delhi,780.43,Sale,Valid
2894,Women,Lifestyle,Air Force 1,L,2,6554.6849999999995,0.0,13109.37,2024-11-20,Retail,Hyderabad,1796.17,Sale,Valid
2895,Kids,Running,React Infinity,,3,6346.35,0.0,19039.05,2024-08-03,Online,Pune,677.85,Sale,Valid
2896,Kids,Training,SuperRep Go,7,1,6252.51,0.47,3313.83,2025-02-15,Online,Delhi,-1104.33,Sale,Valid
2899,Men,Basketball,LeBron 20,L,3,6531.36,0.0,19594.08,2025-05-17,Online,Mumbai,-91.78,Sale,Valid
2902,Kids,Basketball,Kyrie Flytrap,10,2,8138.68,0.0,16277.36,2025-05-13,Retail,Kolkata,2604.35,Sale,Valid
2903,Men,Soccer,Phantom GT,M,2,2735.54,0.0,5471.08,2024-09-05,Retail,Delhi,2944.26,Sale,Valid
2904,Women,Soccer,Tiempo Legend,9,2,8644.67,0.54,7953.1,2025-04-29,Online,Bangalore,2711.75,Sale,Valid
2905,Men,Running,React Infinity,M,1,5762.39,0.0,5762.39,2025-07-15,Retail,Hyderabad,-584.1,Sale,Valid
2906,Women,Lifestyle,Waffle One,7,1,5349.78,0.0,5349.78,2024-08-25,Retail,Delhi,-291.45,Sale,Valid
2907,Men,Soccer,Premier III,L,2,8432.5,0.0,16865.0,2024-02-25,Retail,Kolkata,3790.63,Sale,Valid
2908,Men,Running,Pegasus Turbo,M,1,5286.01,0.53,2484.42,2024-11-22,Retail,Hyderabad,-74.0,Sale,Valid
2909,Women,Running,Air Zoom,XL,1,7617.75,0.33,5103.89,2024-08-20,Retail,Pune,-186.9,Sale,Valid
2910,Kids,Training,Flex Trainer,9,1,6481.055,0.49,3305.34,2025-04-15,Retail,Bangalore,1818.49,Sale,Valid
2911,Kids,Basketball,Zoom Freak,M,2,6172.36,0.0,12344.72,2023-10-26,Retail,Mumbai,927.88,Sale,Valid
2912,Kids,Running,React Infinity,XL,2,9839.63,0.98,393.59,2024-03-07,Online,Bangalore,1218.22,Sale,Review
2913,Women,Lifestyle,Dunk Low,8,2,6091.98,0.3,8528.77,2025-06-25,Online,Pune,-1036.78,Sale,Valid
2914,Men,Soccer,Tiempo Legend,L,2,7603.38,1.0,0.0,2025-03-25,Online,Mumbai,-950.86,Sale,Valid
2916,Kids,Lifestyle,Blazer Mid,XL,2,5786.02,0.0,11572.04,2024-08-05,Retail,Hyderabad,-1121.25,Sale,Valid
2917,Men,Soccer,Phantom GT,,1,3204.72,0.0,3204.72,2024-12-21,Retail,Bangalore,1916.14,Sale,Valid
2918,Men,Training,SuperRep Go,M,1,5587.585,0.0,5587.58,2024-11-07,Retail,Mumbai,1398.13,Sale,Valid
2919,Men,Soccer,Premier III,M,2,7323.53,0.0,14647.06,2025-04-01,Retail,Bangalore,488.37,Sale,Valid
2921,Kids,Training,Metcon 7,M,1,9092.33,0.39,5546.32,2025-01-13,Retail,Bangalore,2826.57,Sale,Valid
2922,Kids,Soccer,Tiempo Legend,XL,2,5830.525,1.0,0.0,2025-01-16,Online,Kolkata,3495.67,Sale,Review
2928,Women,Lifestyle,Waffle One,6,3,5349.78,0.0,16049.34,2024-07-09,Online,Delhi,-1064.86,Sale,Valid
2929,Kids,Soccer,Tiempo Legend,M,2,6589.95,0.0,13179.9,2024-04-01,Retail,Hyderabad,157.26,Sale,Valid
2930,Women,Basketball,Air Jordan,L,2,5974.92,0.57,5138.43,2024-12-20,Retail,Bangalore,819.42,Sale,Valid
2931,Men,Basketball,Zoom Freak,7,2,6172.36,0.0,12344.72,2023-08-25,Retail,Pune,3751.45,Sale,Valid
2933,Women,Training,ZoomX Invincible,,2,9501.17,0.0,19002.34,2024-04-13,Retail,Hyderabad,1069.32,Sale,Valid
2934,Women,Basketball,LeBron 20,XL,1,2370.91,0.0,2370.91,2024-03-14,Online,Mumbai,3043.95,Return,Review
2935,Men,Lifestyle,Dunk Low,L,4,6091.98,0.0,24367.92,2024-05-13,Online,Hyderabad,478.07,Sale,Valid
2936,Women,Training,Flex Trainer,XL,1,6496.58,0.29,4612.57,2024-07-31,Retail,Pune,1933.1,Sale,Valid
2938,Kids,Soccer,Phantom GT,L,1,6012.23,0.0,6012.23,2025-01-14,Online,Delhi,2596.64,Sale,Valid
2940,Women,Soccer,Premier III,L,1,8412.43,0.0,8412.43,2025-05-06,Retail,Hyderabad,-344.67,Return,Valid
2941,Men,Lifestyle,Blazer Mid,XL,1,9331.65,0.0,9331.65,2025-05-02,Retail,Kolkata,492.35,Return,Valid
2942,Women,Training,Flex Trainer,10,4,5222.39,0.57,8982.51,2025-04-16,Online,Bangalore,-68.53,Sale,Valid
2943,Women,Training,SuperRep Go,7,1,3390.0,0.0,3390.0,2024-10-09,Retail,Mumbai,-429.78,Return,Valid
2944,Women,Training,ZoomX Invincible,,1,9738.93,0.0,9738.93,2024-10-06,Retail,Pune,261.36,Sale,Valid
2947,Women,Lifestyle,Blazer Mid,XL,2,4113.48,0.38,5100.72,2024-12-04,Online,Mumbai,1604.63,Sale,Valid
2949,Men,Running,React Infinity,M,1,6346.35,0.49,3236.64,2025-07-05,Online,Delhi,698.79,Sale,Valid
2952,Kids,Training,SuperRep Go,XL,1,5443.44,0.0,5443.44,2024-09-13,Retail,Kolkata,2237.39,Sale,Valid
2049,Men,Training,Metcon 7,M,2,5744.7,1.0,0.0,2024-04-12,Online,Bangalore,-400.59,Sale,Valid
2955,Kids,Basketball,LeBron 20,XL,2,9846.09,0.12,17329.12,2024-07-30,Retail,Kolkata,2250.93,Sale,Valid
2956,Kids,Training,ZoomX Invincible,,4,6424.68,0.86,3597.82,2024-05-16,Online,Mumbai,3144.87,Sale,Valid
2957,Men,Basketball,Zoom Freak,XL,2,5348.89,0.47,5669.82,2024-11-19,Online,Kolkata,753.26,Sale,Valid
2958,Women,Lifestyle,Blazer Mid,,4,7898.87,0.0,31595.48,2025-05-07,Online,Mumbai,1097.55,Sale,Valid
2961,Kids,Soccer,Tiempo Legend,XL,2,5830.525,0.0,11661.05,2024-11-21,Retail,Mumbai,665.39,Sale,Valid
2963,Kids,Training,Flex Trainer,XL,1,6481.055,0.0,6481.06,2025-10-06,Retail,Bangalore,1172.39,Sale,Valid
2964,Kids,Basketball,Zoom Freak,,1,6172.36,0.0,6172.36,2024-06-17,Online,Mumbai,995.42,Return,Valid
2965,Men,Training,Metcon 7,XL,1,2171.48,0.0,2171.48,2025-04-28,Retail,Bangalore,3079.48,Sale,Review
2966,Kids,Training,Flex Trainer,8,3,6481.055,0.0,19443.16,2025-02-27,Online,Pune,333.36,Sale,Valid
2968,Kids,Training,Flex Trainer,XL,1,5283.1,0.0,5283.1,2025-01-24,Retail,Bangalore,575.73,Sale,Valid
2969,Men,Training,ZoomX Invincible,M,1,6424.68,0.0,6424.68,2025-07-19,Online,Pune,2323.02,Sale,Valid
2971,Women,Lifestyle,Dunk Low,,2,9330.31,0.0,18660.62,2024-11-10,Online,Pune,-610.6,Sale,Valid
2972,Women,Soccer,Phantom GT,M,2,6012.23,0.0,12024.46,2024-10-05,Online,Kolkata,1995.69,Sale,Valid
2973,Kids,Soccer,Phantom GT,XL,2,3347.42,0.0,6694.84,2024-10-31,Online,Bangalore,2234.16,Sale,Valid
2975,Kids,Soccer,Mercurial Superfly,10,1,5037.43,0.0,5037.43,2024-11-10,Online,Delhi,3279.17,Sale,Valid
2976,Men,Running,Pegasus Turbo,,1,6703.48,0.0,6703.48,2024-08-08,Retail,Hyderabad,2966.44,Sale,Valid
2978,Women,Running,Air Zoom,,1,5548.255,1.0,0.0,2025-04-14,Retail,Kolkata,-581.26,Sale,Valid
2981,Kids,Soccer,Premier III,M,4,5185.52,0.0,20742.08,2025-01-10,Retail,Pune,2777.67,Sale,Valid
2982,Men,Lifestyle,Dunk Low,L,2,6091.98,0.54,5604.62,2025-06-07,Online,Kolkata,1541.73,Sale,Valid
2984,Men,Soccer,Phantom GT,XL,2,4343.12,0.0,8686.24,2024-09-06,Online,Kolkata,3073.4,Sale,Valid
2985,Kids,Running,Free RN,,1,8996.05,0.48,4677.95,2024-05-16,Online,Bangalore,3419.45,Sale,Valid
2986,Kids,Basketball,LeBron 20,M,2,6877.77,0.09,12517.54,2025-04-10,Online,Pune,2303.27,Sale,Valid
2987,Women,Soccer,Premier III,L,2,6060.035,0.0,12120.07,2024-08-08,Online,Pune,2365.7,Sale,Valid
2009,Women,Lifestyle,Dunk Low,M,2,6481.4,0.84,2074.05,2024-07-26,Retail,Bangalore,522.93,Sale,Valid
2989,Men,Soccer,Mercurial Superfly,M,1,6429.61,0.0,6429.61,2024-02-14,Online,Bangalore,2459.52,Sale,Valid
2990,Kids,Basketball,Kyrie Flytrap,XL,2,2601.99,0.0,5203.98,2024-09-23,Retail,Bangalore,570.47,Sale,Valid
2992,Men,Soccer,Premier III,L,2,6060.035,0.0,12120.07,2024-10-24,Online,Kolkata,2276.99,Sale,Valid
2993,Men,Soccer,Premier III,M,4,6060.035,0.0,24240.14,2024-10-13,Retail,Hyderabad,1770.74,Sale,Valid
2994,Women,Lifestyle,Air Force 1,11,2,2932.39,0.98,117.3,2024-12-07,Retail,Mumbai,2962.69,Sale,Review
2996,Women,Basketball,Air Jordan,11,2,5974.92,0.0,11949.84,2025-07-01,Online,Pune,3753.82,Sale,Valid
2998,Women,Training,Flex Trainer,,1,8835.27,0.76,2120.46,2025-05-06,Online,Delhi,1637.2,Sale,Valid
3001,Men,Soccer,Premier III,L,2,6060.035,0.0,12120.07,2024-01-25,Online,Delhi,-362.26,Sale,Valid
3002,Women,Lifestyle,Waffle One,,4,5349.78,0.0,21399.12,2024-11-22,Retail,Delhi,3535.87,Sale,Valid
3003,Men,Basketball,Zoom Freak,XL,2,6172.36,0.0,12344.72,2023-08-03,Online,Bangalore,-646.26,Sale,Valid
3005,Women,Basketball,Zoom Freak,9,2,6172.36,0.19,9999.22,2025-04-23,Online,Delhi,3295.17,Sale,Valid
3007,Women,Soccer,Tiempo Legend,12,1,7680.16,1.0,0.0,2025-05-30,Online,Bangalore,-1076.72,Sale,Valid
3009,Men,Lifestyle,Waffle One,L,2,5349.78,0.0,10699.56,2024-08-15,Online,Bangalore,3724.01,Sale,Valid
3010,Women,Soccer,Tiempo Legend,,2,5830.525,0.0,11661.05,2025-05-05,Online,Pune,-311.32,Sale,Valid
3013,Kids,Basketball,Zoom Freak,XL,4,6172.36,0.96,987.58,2025-06-16,Retail,Kolkata,1039.09,Sale,Review
3018,Kids,Soccer,Premier III,11,2,6060.035,0.0,12120.07,2024-08-22,Retail,Kolkata,3364.85,Sale,Valid
3019,Women,Running,Free RN,XL,1,9942.61,0.0,9942.61,2023-12-19,Retail,Kolkata,1316.3,Sale,Valid
3021,Women,Soccer,Mercurial Superfly,6,4,6769.465,0.42,15705.16,2023-09-21,Retail,Hyderabad,3050.7,Sale,Valid
3022,Kids,Training,ZoomX Invincible,L,1,4318.48,0.0,4318.48,2025-05-14,Online,Delhi,271.37,Return,Valid
3023,Kids,Basketball,Zoom Freak,,2,2493.28,0.0,4986.56,2024-05-19,Retail,Delhi,708.93,Sale,Valid
3024,Kids,Running,Free RN,,1,6299.575,1.0,0.0,2024-12-07,Online,Mumbai,-687.3,Sale,Valid
3025,Kids,Lifestyle,Blazer Mid,L,4,5786.02,0.0,23144.08,2024-08-25,Retail,Hyderabad,3005.88,Sale,Valid
3026,Women,Lifestyle,Blazer Mid,10,2,5786.02,0.0,11572.04,2025-12-03,Online,Bangalore,-127.25,Sale,Valid
3027,Women,Training,SuperRep Go,L,2,9593.27,0.0,19186.54,2024-10-25,Retail,Delhi,-1038.79,Sale,Valid
3028,Kids,Running,Air Zoom,L,4,5837.53,0.0,23350.12,2025-01-29,Retail,Kolkata,-471.86,Sale,Valid
3030,Men,Soccer,Mercurial Superfly,,3,6969.28,0.58,8781.29,2023-08-08,Online,Kolkata,98.19,Sale,Valid
3031,Kids,Soccer,Premier III,M,4,8588.14,0.0,34352.56,2023-10-11,Online,Kolkata,-117.68,Sale,Valid
3033,Men,Training,ZoomX Invincible,M,1,9397.68,0.74,2443.4,2024-11-21,Retail,Hyderabad,313.58,Sale,Valid
3036,Kids,Lifestyle,Dunk Low,11,2,2879.09,0.0,5758.18,2024-10-15,Retail,Hyderabad,1129.11,Sale,Valid
2033,Kids,Lifestyle,Waffle One,M,2,5349.78,0.0,10699.56,2025-01-22,Online,Kolkata,-679.74,Sale,Valid
3039,Kids,Soccer,Premier III,10,2,5366.19,0.0,10732.38,2024-03-17,Online,Pune,638.3,Sale,Valid
3040,Women,Lifestyle,Waffle One,XL,2,5349.78,0.0,10699.56,2024-08-12,Online,Hyderabad,3833.04,Sale,Valid
3041,Kids,Lifestyle,Waffle One,9,2,4884.55,0.0,9769.1,2025-01-03,Online,Bangalore,-1182.29,Sale,Valid
3043,Men,Running,React Infinity,L,2,6346.35,0.0,12692.7,2025-04-11,Retail,Delhi,147.79,Sale,Valid
3046,Men,Basketball,Air Jordan,11,2,4597.23,0.0,9194.46,2025-05-26,Online,Bangalore,3277.67,Sale,Valid
3047,Women,Basketball,Kyrie Flytrap,,3,6175.84,0.9,1852.75,2024-10-14,Online,Hyderabad,-960.94,Sale,Valid
3048,Women,Lifestyle,Waffle One,6,1,5349.78,0.23,4119.33,2025-07-17,Retail,Hyderabad,517.17,Sale,Valid
3049,Kids,Lifestyle,Air Force 1,11,2,6554.6849999999995,1.0,0.0,2025-06-22,Online,Pune,-156.45,Sale,Valid
3051,Men,Training,Metcon 7,M,1,5744.7,0.0,5744.7,2024-07-28,Online,Bangalore,166.42,Sale,Valid
3052,Kids,Running,React Infinity,M,1,9448.34,0.78,2078.63,2025-03-03,Online,Delhi,-871.1,Sale,Valid
3053,Women,Lifestyle,Air Force 1,L,2,6323.09,1.0,0.0,2024-09-18,Retail,Mumbai,1283.62,Sale,Review
3054,Men,Soccer,Premier III,M,2,6667.47,0.0,13334.94,2024-12-17,Retail,Pune,-402.6,Sale,Valid
3057,Women,Soccer,Mercurial Superfly,,2,4244.95,0.0,8489.9,2025-01-21,Retail,Bangalore,3693.98,Sale,Valid
3058,Men,Soccer,Phantom GT,M,1,8048.66,0.0,8048.66,2023-08-01,Retail,Kolkata,3860.59,Return,Valid
3059,Women,Running,React Infinity,L,3,6346.35,1.0,0.0,2025-06-19,Online,Hyderabad,3692.43,Sale,Review
3060,Women,Running,Free RN,L,1,6299.575,0.0,6299.58,2024-09-09,Retail,Bangalore,-1137.29,Sale,Valid
3062,Women,Soccer,Phantom GT,,1,6936.34,0.46,3745.62,2025-03-19,Retail,Mumbai,1647.34,Sale,Valid
3063,Kids,Running,Air Zoom,M,2,9676.61,0.0,19353.22,2025-04-20,Online,Mumbai,3674.74,Sale,Valid
3064,Men,Soccer,Tiempo Legend,,2,6041.3,0.0,12082.6,2024-01-11,Retail,Pune,-1048.54,Sale,Valid
3066,Kids,Training,ZoomX Invincible,L,1,6424.68,0.0,6424.68,2024-03-01,Online,Mumbai,1383.01,Sale,Valid
3067,Men,Lifestyle,Blazer Mid,9,4,5786.02,0.0,23144.08,2024-03-05,Retail,Hyderabad,1939.56,Sale,Valid
3068,Kids,Lifestyle,Air Force 1,L,4,4867.07,1.0,0.0,2025-05-25,Online,Delhi,2863.56,Sale,Review
3069,Men,Training,Metcon 7,L,1,5744.7,1.0,0.0,2025-04-13,Online,Hyderabad,-6.91,Sale,Valid
3071,Women,Running,Air Zoom,,1,5081.53,0.0,5081.53,2023-10-21,Online,Mumbai,-663.86,Sale,Valid
3072,Men,Training,Flex Trainer,9,1,6481.055,0.0,6481.06,2024-08-26,Retail,Mumbai,2621.5,Sale,Valid
3073,Men,Training,ZoomX Invincible,,1,6424.68,0.0,6424.68,2025-06-14,Retail,Mumbai,1992.12,Sale,Valid
3075,Kids,Soccer,Premier III,L,2,6060.035,0.91,1090.81,2025-05-28,Retail,Mumbai,3594.94,Sale,Review
3078,Men,Running,Free RN,M,1,2555.18,0.0,2555.18,2024-09-14,Online,Delhi,1820.38,Sale,Valid
3079,Women,Running,React Infinity,L,1,6346.35,0.0,6346.35,2024-01-10,Retail,Bangalore,2815.43,Sale,Valid
3081,Kids,Training,Flex Trainer,6,1,8442.39,0.0,8442.39,2025-02-10,Retail,Mumbai,3126.66,Sale,Valid
3082,Men,Training,Metcon 7,L,1,5744.7,0.0,5744.7,2024-08-11,Online,Delhi,-65.96,Return,Valid
3083,Kids,Training,ZoomX Invincible,XL,1,8535.31,0.0,8535.31,2024-08-29,Retail,Delhi,1159.57,Sale,Valid
3087,Kids,Lifestyle,Waffle One,M,3,2765.77,0.0,8297.31,2025-08-01,Retail,Bangalore,2785.94,Sale,Valid
3089,Women,Basketball,Zoom Freak,XL,2,8399.35,0.0,16798.7,2025-05-31,Online,Mumbai,2967.22,Sale,Valid
3090,Women,Basketball,LeBron 20,,2,8187.65,1.0,0.0,2023-12-11,Retail,Pune,196.88,Sale,Review
3091,Women,Basketball,Air Jordan,,1,8666.84,0.3,6066.79,2025-02-13,Online,Hyderabad,204.77,Sale,Valid
3092,Kids,Training,Metcon 7,L,1,3005.37,0.0,3005.37,2025-09-03,Retail,Kolkata,-288.77,Sale,Valid
3093,Women,Soccer,Tiempo Legend,10,3,5830.525,0.0,17491.57,2025-06-29,Retail,Kolkata,28.77,Sale,Valid
3094,Men,Basketball,Zoom Freak,,2,4731.54,0.0,9463.08,2024-07-11,Online,Delhi,3485.33,Sale,Valid
3095,Men,Running,Free RN,L,1,9297.64,0.16,7810.02,2025-02-16,Retail,Delhi,36.7,Sale,Valid
3096,Men,Training,ZoomX Invincible,,4,6424.68,0.9,2569.87,2025-05-03,Online,Hyderabad,20.31,Sale,Valid
3097,Men,Lifestyle,Blazer Mid,L,2,5786.02,0.5,5786.02,2025-01-24,Online,Hyderabad,3419.32,Sale,Valid
3098,Women,Basketball,Kyrie Flytrap,M,2,5562.46,0.0,11124.92,2025-04-14,Retail,Kolkata,1090.52,Sale,Valid
3099,Women,Lifestyle,Waffle One,L,2,8462.09,0.08,15570.25,2024-10-21,Online,Mumbai,1720.4,Sale,Valid
3100,Women,Training,ZoomX Invincible,7,4,6424.68,0.97,770.96,2025-06-30,Retail,Mumbai,1861.15,Sale,Review
3102,Kids,Basketball,LeBron 20,M,2,6630.92,0.0,13261.84,2025-06-18,Retail,Bangalore,-1117.98,Sale,Valid
3103,Kids,Lifestyle,Blazer Mid,,2,5786.02,0.0,11572.04,2025-01-06,Online,Mumbai,1567.18,Sale,Valid
3105,Women,Soccer,Phantom GT,L,4,6012.23,0.57,10341.04,2024-11-30,Online,Pune,3176.71,Sale,Valid
3106,Men,Running,Pegasus Turbo,,1,5286.01,0.0,5286.01,2025-03-09,Online,Bangalore,3276.53,Sale,Valid
3107,Men,Running,Pegasus Turbo,11,1,9572.44,0.0,9572.44,2025-08-03,Retail,Hyderabad,-694.97,Sale,Valid
3108,Kids,Soccer,Phantom GT,M,1,6012.23,0.38,3727.58,2024-12-16,Online,Mumbai,1350.25,Return,Valid
3110,Men,Running,React Infinity,L,1,8431.55,0.0,8431.55,2024-10-13,Retail,Mumbai,3977.41,Sale,Valid
3114,Women,Running,React Infinity,L,1,7627.37,0.0,7627.37,2025-03-27,Retail,Bangalore,2752.18,Sale,Valid
3116,Kids,Basketball,Zoom Freak,M,3,6172.36,0.06,17406.06,2024-11-21,Retail,Kolkata,-236.15,Sale,Valid
3117,Men,Basketball,Air Jordan,M,2,6435.2,0.0,12870.4,2024-09-21,Retail,Delhi,-1181.06,Sale,Valid
3119,Kids,Lifestyle,Air Force 1,,2,6554.6849999999995,0.0,13109.37,2023-08-12,Online,Hyderabad,3995.49,Sale,Valid
3121,Kids,Training,Flex Trainer,8,1,2514.0,0.69,779.34,2025-03-06,Online,Kolkata,1345.4,Sale,Review
3123,Kids,Running,Free RN,L,1,9804.78,0.0,9804.78,2025-05-26,Online,Pune,-965.5,Sale,Valid
3124,Kids,Soccer,Mercurial Superfly,,2,7538.96,0.0,15077.92,2025-03-31,Online,Delhi,2407.4,Sale,Valid
3125,Kids,Soccer,Phantom GT,XL,2,6012.23,0.7,3607.34,2025-03-10,Online,Bangalore,1561.59,Sale,Valid
3126,Kids,Running,React Infinity,,1,6346.35,0.0,6346.35,2024-06-10,Online,Bangalore,2772.69,Sale,Valid
3127,Men,Training,ZoomX Invincible,XL,1,4614.33,0.47,2445.59,2024-10-07,Online,Pune,-440.44,Sale,Valid
3129,Kids,Basketball,Kyrie Flytrap,XL,2,5732.66,0.0,11465.32,2024-01-30,Retail,Delhi,3187.59,Sale,Valid
3130,Men,Basketball,Air Jordan,XL,2,3015.02,0.0,6030.04,2025-05-16,Online,Pune,2868.91,Sale,Valid
3131,Kids,Training,SuperRep Go,10,1,5171.44,0.33,3464.86,2025-05-27,Online,Pune,634.64,Sale,Valid
3132,Kids,Lifestyle,Dunk Low,,2,5073.69,0.0,10147.38,2025-12-07,Online,Hyderabad,-1033.35,Sale,Valid
3133,Kids,Soccer,Mercurial Superfly,L,2,6769.465,0.77,3113.95,2024-04-15,Retail,Delhi,88.55,Sale,Valid
3134,Men,Basketball,Air Jordan,L,2,5974.92,0.19,9679.37,2025-05-14,Retail,Delhi,31.3,Sale,Valid
3135,Women,Soccer,Mercurial Superfly,XL,3,4009.47,1.0,0.0,2024-08-28,Online,Pune,2434.87,Sale,Review
3137,Kids,Soccer,Premier III,,2,7176.21,0.0,14352.42,2025-07-08,Online,Bangalore,659.4,Sale,Valid
3138,Kids,Lifestyle,Blazer Mid,L,2,3911.84,0.42,4537.73,2024-09-11,Online,Hyderabad,3601.48,Sale,Valid
3140,Women,Lifestyle,Blazer Mid,L,2,5786.02,1.0,0.0,2023-11-19,Retail,Bangalore,3855.21,Sale,Review
3142,Kids,Soccer,Phantom GT,XL,2,6012.23,0.0,12024.46,2024-12-10,Online,Delhi,2520.02,Sale,Valid
3143,Men,Training,Flex Trainer,7,3,3938.59,0.98,236.32,2024-08-23,Online,Mumbai,635.39,Sale,Review
3144,Women,Running,Free RN,7,1,8613.08,0.0,8613.08,2023-09-11,Retail,Hyderabad,-1049.73,Sale,Valid
3145,Women,Basketball,Air Jordan,9,2,3427.03,0.37,4318.06,2025-02-02,Retail,Pune,2527.96,Sale,Valid
3146,Women,Soccer,Premier III,XL,1,6060.035,0.0,6060.04,2024-12-29,Retail,Hyderabad,1087.27,Sale,Valid
3147,Kids,Training,SuperRep Go,11,1,2579.36,0.0,2579.36,2025-03-13,Online,Mumbai,939.38,Sale,Valid
3151,Men,Lifestyle,Air Force 1,L,2,6554.6849999999995,0.0,13109.37,2025-07-19,Online,Kolkata,2968.24,Sale,Valid
3153,Women,Training,SuperRep Go,,1,3693.3,0.0,3693.3,2024-09-17,Online,Bangalore,1480.99,Sale,Valid
3154,Kids,Running,Free RN,L,2,6299.575,0.95,629.96,2025-04-21,Online,Delhi,-1100.45,Sale,Valid
3156,Women,Soccer,Phantom GT,XL,2,6700.68,0.0,13401.36,2025-11-01,Retail,Mumbai,611.81,Sale,Valid
3159,Women,Running,Air Zoom,10,1,5548.255,0.0,5548.26,2025-08-04,Retail,Pune,2494.21,Return,Valid
3160,Women,Basketball,Air Jordan,M,2,5974.92,0.0,11949.84,2024-07-25,Retail,Delhi,888.87,Sale,Valid
3161,Men,Running,React Infinity,,1,8369.3,0.0,8369.3,2025-04-07,Online,Hyderabad,1663.79,Sale,Valid
3162,Men,Soccer,Tiempo Legend,XL,2,5830.525,0.0,11661.05,2024-02-24,Online,Pune,1686.78,Sale,Valid
3163,Women,Running,Free RN,,2,8204.14,0.0,16408.28,2025-06-22,Retail,Delhi,961.65,Sale,Valid
3164,Men,Soccer,Premier III,,4,6060.035,0.0,24240.14,2025-04-28,Online,Bangalore,-382.88,Sale,Valid
3165,Women,Soccer,Phantom GT,XL,2,2530.29,0.29,3593.01,2025-02-17,Online,Kolkata,3264.03,Sale,Valid
3166,Men,Soccer,Premier III,,2,6060.035,0.0,12120.07,2024-11-03,Online,Hyderabad,-209.36,Sale,Valid
3168,Women,Lifestyle,Air Force 1,7,2,6125.15,0.0,12250.3,2025-02-28,Retail,Delhi,61.83,Sale,Valid
3169,Men,Lifestyle,Blazer Mid,M,2,5786.02,1.0,0.0,2024-10-10,Retail,Delhi,-744.54,Sale,Valid
3170,Men,Training,Flex Trainer,L,1,6481.055,0.0,6481.06,2025-05-15,Online,Pune,-367.73,Sale,Valid
3171,Men,Lifestyle,Air Force 1,,2,6554.6849999999995,0.0,13109.37,2023-11-16,Online,Bangalore,-445.89,Sale,Valid
3172,Men,Training,Metcon 7,9,1,5744.7,0.39,3504.27,2023-11-14,Retail,Pune,1877.19,Return,Valid
3173,Women,Soccer,Premier III,XL,2,6060.035,0.0,12120.07,2024-04-11,Retail,Pune,1560.81,Sale,Valid
3175,Women,Lifestyle,Dunk Low,10,1,6583.76,0.71,1909.29,2024-12-09,Retail,Mumbai,2194.69,Return,Review
3176,Men,Lifestyle,Blazer Mid,,2,9352.62,0.97,561.16,2025-01-20,Retail,Bangalore,903.31,Sale,Review
3178,Women,Training,SuperRep Go,11,1,5587.585,0.0,5587.58,2024-09-19,Retail,Delhi,-271.03,Sale,Valid
3179,Women,Training,SuperRep Go,,3,5587.585,0.36,10728.16,2025-04-24,Online,Mumbai,517.77,Sale,Valid
3180,Men,Basketball,Zoom Freak,XL,2,6172.36,0.65,4320.65,2025-05-03,Online,Pune,1603.13,Sale,Valid
3184,Men,Training,ZoomX Invincible,M,1,6424.68,0.42,3726.31,2024-10-15,Online,Mumbai,-760.63,Sale,Valid
3185,Kids,Training,SuperRep Go,,1,9715.85,0.0,9715.85,2025-12-03,Online,Pune,-542.2,Sale,Valid
3186,Men,Basketball,Zoom Freak,,2,3156.31,0.0,6312.62,2024-10-16,Retail,Delhi,540.77,Sale,Valid
3188,Kids,Lifestyle,Air Force 1,L,2,8024.17,0.6,6419.34,2025-09-02,Retail,Pune,2328.33,Sale,Valid
3189,Men,Basketball,LeBron 20,L,3,6730.48,0.33,13528.26,2025-02-08,Online,Kolkata,1456.87,Sale,Valid
3191,Kids,Soccer,Mercurial Superfly,L,4,6769.465,0.0,27077.86,2025-04-02,Retail,Pune,2709.18,Sale,Valid
3192,Kids,Running,Free RN,M,1,6299.575,0.0,6299.58,2025-03-16,Online,Pune,2055.67,Sale,Valid
3193,Kids,Running,Pegasus Turbo,11,1,8581.98,0.0,8581.98,2025-02-24,Retail,Pune,3969.18,Sale,Valid
3194,Kids,Training,SuperRep Go,M,1,5587.585,0.0,5587.58,2023-10-21,Online,Hyderabad,896.94,Return,Valid
3195,Men,Lifestyle,Blazer Mid,,1,3259.95,0.0,3259.95,2025-09-03,Retail,Delhi,1423.92,Sale,Valid
3203,Women,Training,SuperRep Go,11,1,5587.585,1.0,0.0,2025-11-03,Retail,Pune,2854.21,Sale,Review
3204,Men,Soccer,Phantom GT,,2,6012.23,0.18,9860.06,2024-12-09,Online,Kolkata,3367.72,Sale,Valid
3206,Kids,Basketball,Kyrie Flytrap,L,1,4694.72,0.58,1971.78,2024-03-25,Retail,Bangalore,3611.24,Return,Review
3209,Women,Training,Flex Trainer,M,1,6481.055,0.17,5379.28,2024-08-20,Retail,Bangalore,1986.27,Sale,Valid
3211,Women,Lifestyle,Blazer Mid,L,2,8346.17,0.82,3004.62,2024-08-02,Retail,Kolkata,1368.59,Sale,Valid
3212,Kids,Soccer,Mercurial Superfly,M,4,7670.57,0.0,30682.28,2024-10-05,Retail,Kolkata,2025.11,Sale,Valid
3213,Men,Running,Air Zoom,XL,1,5548.255,0.0,5548.26,2024-12-28,Online,Kolkata,3221.7,Sale,Valid
3214,Kids,Lifestyle,Dunk Low,XL,2,6091.98,0.0,12183.96,2024-11-09,Online,Kolkata,-857.15,Sale,Valid
3215,Men,Soccer,Phantom GT,XL,2,6012.23,0.0,12024.46,2024-02-20,Online,Kolkata,2109.68,Sale,Valid
3216,Men,Basketball,Air Jordan,XL,2,5974.92,0.0,11949.84,2023-08-14,Online,Mumbai,2508.13,Sale,Valid
3217,Men,Soccer,Tiempo Legend,6,1,4819.75,0.22,3759.4,2025-02-15,Retail,Pune,-514.9,Sale,Valid
3218,Men,Running,Air Zoom,6,1,4854.18,0.0,4854.18,2024-09-29,Retail,Kolkata,3807.88,Sale,Valid
3219,Women,Basketball,Air Jordan,XL,2,2277.83,1.0,0.0,2025-03-17,Online,Delhi,1151.76,Sale,Review
3220,Women,Lifestyle,Dunk Low,11,2,6091.98,0.0,12183.96,2025-02-16,Online,Bangalore,2731.04,Sale,Valid
3221,Women,Basketball,LeBron 20,,2,9682.68,0.88,2323.84,2024-09-21,Online,Pune,1650.44,Sale,Valid
3222,Kids,Basketball,Air Jordan,XL,1,5300.32,0.0,5300.32,2024-10-08,Online,Bangalore,2593.48,Return,Valid
3224,Women,Soccer,Phantom GT,,1,9872.38,0.18,8095.35,2025-03-18,Retail,Pune,233.85,Sale,Valid
3225,Kids,Basketball,Kyrie Flytrap,L,2,7364.6,0.0,14729.2,2023-12-20,Retail,Kolkata,-458.05,Sale,Valid
3226,Men,Soccer,Mercurial Superfly,,2,4585.77,0.0,9171.54,2025-02-12,Retail,Pune,-241.59,Sale,Valid
3228,Kids,Basketball,LeBron 20,XL,2,6745.63,0.0,13491.26,2025-04-19,Retail,Bangalore,3620.9,Sale,Valid
3229,Kids,Running,Free RN,,1,6299.575,1.0,0.0,2024-08-19,Retail,Pune,188.96,Sale,Review
3231,Men,Lifestyle,Dunk Low,L,2,6406.53,0.9,1281.31,2024-12-17,Online,Kolkata,2859.55,Sale,Review
3233,Men,Soccer,Phantom GT,M,1,4091.68,0.0,4091.68,2025-04-26,Retail,Hyderabad,571.8,Sale,Valid
3234,Kids,Soccer,Phantom GT,XL,2,6012.23,0.0,12024.46,2025-05-14,Online,Delhi,327.76,Sale,Valid
3236,Kids,Lifestyle,Blazer Mid,,4,5786.02,0.68,7406.11,2025-07-21,Retail,Hyderabad,-37.37,Sale,Valid
3237,Kids,Basketball,LeBron 20,L,3,5596.52,0.0,16789.56,2024-08-16,Retail,Mumbai,2926.28,Sale,Valid
3240,Kids,Basketball,Zoom Freak,9,1,8776.59,0.0,8776.59,2024-05-27,Retail,Hyderabad,-1020.05,Return,Valid
3241,Women,Basketball,LeBron 20,XL,2,7477.49,0.0,14954.98,2024-02-12,Retail,Bangalore,3176.2,Sale,Valid
3242,Men,Basketball,LeBron 20,L,2,9677.18,0.59,7935.29,2024-08-24,Retail,Bangalore,609.45,Sale,Valid
3243,Men,Lifestyle,Air Force 1,L,3,6554.6849999999995,0.0,19664.06,2024-10-25,Retail,Pune,1943.22,Sale,Valid
3245,Women,Running,React Infinity,L,3,6346.35,0.0,19039.05,2024-05-19,Retail,Pune,3102.91,Sale,Valid
3246,Men,Running,Air Zoom,7,1,7787.74,0.0,7787.74,2025-05-14,Online,Pune,479.25,Sale,Valid
3249,Kids,Lifestyle,Blazer Mid,M,1,4738.25,0.0,4738.25,2025-02-25,Online,Bangalore,731.1,Sale,Valid
3250,Women,Lifestyle,Air Force 1,L,2,6554.6849999999995,0.0,13109.37,2024-09-18,Online,Pune,1172.07,Sale,Valid
3251,Men,Soccer,Premier III,7,1,6735.33,0.0,6735.33,2024-01-10,Retail,Kolkata,3462.04,Return,Valid
3252,Men,Basketball,Zoom Freak,10,1,6172.36,0.0,6172.36,2024-03-26,Online,Mumbai,-563.83,Sale,Valid
3253,Kids,Running,Air Zoom,10,1,5548.255,0.0,5548.26,2025-04-17,Online,Bangalore,2267.92,Sale,Valid
3254,Women,Soccer,Mercurial Superfly,,2,6769.465,0.51,6634.08,2024-11-04,Retail,Mumbai,3035.41,Sale,Valid
3255,Kids,Basketball,Air Jordan,XL,1,6975.67,0.0,6975.67,2025-02-03,Online,Bangalore,960.65,Return,Valid
3257,Women,Running,Free RN,7,1,7056.01,0.0,7056.01,2025-01-19,Retail,Kolkata,1190.89,Return,Valid
3260,Men,Soccer,Mercurial Superfly,7,1,6769.465,0.0,6769.46,2025-06-28,Online,Mumbai,1287.17,Sale,Valid
3261,Men,Basketball,Air Jordan,XL,2,5974.92,0.0,11949.84,2024-11-26,Online,Hyderabad,472.79,Sale,Valid
3262,Women,Basketball,LeBron 20,6,2,6630.92,0.0,13261.84,2024-12-26,Retail,Bangalore,1490.29,Sale,Valid
3263,Women,Running,React Infinity,L,4,6346.35,0.0,25385.4,2025-02-23,Online,Mumbai,2278.12,Sale,Valid
3264,Men,Training,Metcon 7,,2,5744.7,0.13,9995.78,2025-08-06,Online,Bangalore,-992.25,Sale,Valid
3265,Women,Soccer,Mercurial Superfly,M,4,6769.465,0.0,27077.86,2024-09-22,Retail,Bangalore,2860.71,Sale,Valid
3267,Kids,Lifestyle,Air Force 1,,2,6554.6849999999995,0.52,6292.5,2025-02-15,Retail,Pune,345.92,Sale,Valid
3268,Men,Soccer,Mercurial Superfly,L,2,6769.465,0.0,13538.93,2025-07-11,Retail,Mumbai,1586.4,Sale,Valid
3269,Women,Soccer,Mercurial Superfly,M,2,7268.31,0.0,14536.62,2024-12-03,Online,Mumbai,-719.57,Sale,Valid
3270,Kids,Lifestyle,Dunk Low,XL,2,6091.98,0.0,12183.96,2025-06-03,Online,Pune,3619.8,Sale,Valid
3271,Men,Basketball,LeBron 20,6,2,6630.92,0.0,13261.84,2025-05-18,Retail,Hyderabad,545.1,Sale,Valid
3273,Women,Soccer,Phantom GT,M,1,5527.7,0.17,4587.99,2024-02-04,Online,Bangalore,2577.59,Return,Valid
3274,Men,Training,SuperRep Go,L,3,6031.14,0.15,15379.41,2025-03-05,Retail,Hyderabad,169.05,Sale,Valid
3275,Women,Soccer,Premier III,L,4,6060.035,0.0,24240.14,2025-05-27,Retail,Hyderabad,1652.12,Sale,Valid
3277,Men,Training,SuperRep Go,,4,5587.585,0.0,22350.34,2024-09-05,Online,Bangalore,293.59,Sale,Valid
3278,Kids,Lifestyle,Dunk Low,L,2,6091.98,0.0,12183.96,2025-01-06,Retail,Pune,107.83,Sale,Valid
3279,Kids,Soccer,Mercurial Superfly,XL,4,2572.41,0.1,9260.68,2024-11-09,Retail,Delhi,3098.28,Sale,Valid
3280,Kids,Training,SuperRep Go,XL,1,7709.7,0.0,7709.7,2024-10-12,Online,Mumbai,663.54,Return,Valid
3282,Kids,Basketball,Air Jordan,XL,4,5974.92,0.23,18402.75,2024-05-19,Retail,Delhi,-190.17,Sale,Valid
3283,Men,Soccer,Premier III,XL,2,6060.035,0.0,12120.07,2024-10-18,Online,Mumbai,3871.51,Sale,Valid
3284,Women,Running,Free RN,,4,5776.74,0.0,23106.96,2024-08-20,Online,Kolkata,210.83,Sale,Valid
3285,Men,Training,Metcon 7,XL,4,5744.7,0.0,22978.8,2024-05-10,Online,Hyderabad,-401.38,Sale,Valid
3288,Kids,Lifestyle,Dunk Low,10,4,6091.98,0.0,24367.92,2024-07-25,Retail,Delhi,3852.98,Sale,Valid
3289,Men,Training,Metcon 7,M,1,5744.7,0.0,5744.7,2024-09-13,Online,Pune,-878.7,Return,Valid
3292,Women,Training,Metcon 7,M,1,5744.7,0.0,5744.7,2025-05-23,Online,Hyderabad,2299.04,Sale,Valid
3295,Women,Training,SuperRep Go,10,1,2983.6,0.0,2983.6,2024-12-29,Online,Delhi,3650.65,Sale,Review
3297,Men,Lifestyle,Air Force 1,L,2,5875.99,0.0,11751.98,2025-07-02,Online,Delhi,3803.18,Sale,Valid
3300,Women,Basketball,Air Jordan,L,2,5974.92,0.0,11949.84,2024-12-18,Retail,Bangalore,3436.23,Sale,Valid
3302,Women,Soccer,Tiempo Legend,M,2,6226.74,0.0,12453.48,2025-05-12,Retail,Pune,-316.51,Sale,Valid
3303,Kids,Soccer,Tiempo Legend,9,2,6380.5,0.0,12761.0,2024-10-19,Online,Kolkata,2846.02,Sale,Valid
3304,Women,Running,React Infinity,M,1,6346.35,0.65,2221.22,2024-11-15,Online,Mumbai,2405.3,Sale,Review
3305,Kids,Running,Free RN,,1,4216.14,0.0,4216.14,2024-10-17,Retail,Hyderabad,-687.95,Sale,Valid
3306,Kids,Basketball,LeBron 20,L,2,6630.92,0.25,9946.38,2024-07-30,Retail,Mumbai,3052.49,Sale,Valid
3307,Women,Soccer,Mercurial Superfly,M,2,7127.99,0.0,14255.98,2024-12-08,Online,Mumbai,818.55,Sale,Valid
3309,Men,Lifestyle,Air Force 1,,2,5594.08,0.0,11188.16,2023-09-12,Retail,Hyderabad,626.95,Sale,Valid
3310,Women,Running,Free RN,M,4,6299.575,0.21,19906.66,2025-04-18,Retail,Kolkata,2856.16,Sale,Valid
3312,Women,Basketball,Zoom Freak,M,1,8069.3,0.0,8069.3,2025-05-25,Retail,Pune,-95.96,Sale,Valid
3316,Women,Running,React Infinity,L,1,6346.35,1.0,0.0,2024-04-25,Online,Bangalore,27.15,Sale,Review
3318,Men,Training,Flex Trainer,XL,1,6481.055,0.0,6481.06,2025-04-11,Online,Delhi,1096.06,Sale,Valid
3319,Women,Running,Air Zoom,XL,1,6109.1,0.37,3848.73,2024-09-28,Retail,Mumbai,-846.73,Sale,Valid
3320,Kids,Basketball,Air Jordan,,2,8046.47,0.05,15288.29,2024-09-12,Online,Kolkata,-274.91,Sale,Valid
3321,Kids,Soccer,Tiempo Legend,M,4,4986.67,1.0,0.0,2025-01-15,Retail,Mumbai,3170.16,Sale,Review
3322,Men,Training,Metcon 7,M,1,5744.7,0.0,5744.7,2023-08-28,Online,Hyderabad,864.55,Sale,Valid
3323,Men,Running,Air Zoom,,1,8130.74,0.07,7561.59,2024-01-01,Retail,Delhi,-687.56,Return,Valid
3324,Women,Lifestyle,Dunk Low,,2,6091.98,0.0,12183.96,2024-08-17,Retail,Hyderabad,-871.48,Sale,Valid
3325,Kids,Basketball,LeBron 20,L,2,6630.92,0.0,13261.84,2024-11-06,Online,Hyderabad,1115.7,Sale,Valid
3326,Men,Training,SuperRep Go,M,1,5587.585,0.88,670.51,2025-05-30,Online,Mumbai,991.04,Sale,Review
3327,Men,Training,Flex Trainer,12,3,6481.055,0.0,19443.16,2025-10-03,Online,Bangalore,-1155.61,Sale,Valid
3328,Women,Soccer,Phantom GT,,1,6012.23,0.25,4509.17,2024-09-20,Online,Pune,2132.49,Return,Valid
3329,Kids,Training,ZoomX Invincible,M,1,6424.68,0.0,6424.68,2024-04-28,Retail,Kolkata,530.29,Sale,Valid
3334,Kids,Soccer,Tiempo Legend,L,3,2471.71,0.0,7415.13,2023-11-14,Online,Mumbai,1190.89,Sale,Valid
3335,Men,Soccer,Premier III,,2,3138.53,0.0,6277.06,2024-08-17,Retail,Delhi,1221.99,Sale,Valid
3336,Kids,Running,React Infinity,XL,1,4334.53,0.0,4334.53,2025-03-31,Online,Hyderabad,2759.16,Sale,Valid
3337,Men,Training,ZoomX Invincible,L,4,6424.68,0.0,25698.72,2024-10-10,Online,Delhi,2915.13,Sale,Valid
3338,Women,Training,ZoomX Invincible,L,1,6424.68,1.0,0.0,2025-09-06,Online,Kolkata,3011.73,Sale,Review
3339,Men,Lifestyle,Air Force 1,,2,6656.01,0.0,13312.02,2025-05-15,Retail,Delhi,2014.52,Sale,Valid
3340,Kids,Soccer,Premier III,M,3,3248.74,0.0,9746.22,2024-12-29,Retail,Mumbai,2551.47,Sale,Valid
3341,Kids,Training,Metcon 7,8,3,8387.99,0.0,25163.97,2024-03-23,Online,Bangalore,1693.41,Sale,Valid
3343,Kids,Basketball,Air Jordan,L,3,9405.77,0.0,28217.31,2024-12-11,Retail,Hyderabad,1688.78,Sale,Valid
3344,Kids,Soccer,Mercurial Superfly,12,2,8217.37,1.0,0.0,2025-06-24,Retail,Hyderabad,303.77,Sale,Review
3348,Women,Soccer,Mercurial Superfly,9,2,2114.86,0.0,4229.72,2024-09-26,Online,Hyderabad,2636.76,Sale,Valid
3350,Women,Basketball,Zoom Freak,L,2,6172.36,0.48,6419.25,2025-05-28,Online,Bangalore,2199.43,Sale,Valid
3352,Women,Training,SuperRep Go,9,1,6622.41,0.23,5099.26,2025-03-01,Retail,Pune,1437.43,Sale,Valid
3354,Men,Lifestyle,Dunk Low,L,2,6091.98,0.4,7310.38,2024-01-11,Retail,Kolkata,-987.6,Sale,Valid
3356,Women,Soccer,Tiempo Legend,M,4,5830.525,0.0,23322.1,2025-03-13,Online,Mumbai,724.11,Sale,Valid
3357,Kids,Training,Flex Trainer,M,4,6206.45,0.5,12412.9,2025-04-05,Online,Delhi,678.42,Sale,Valid
3358,Men,Basketball,Kyrie Flytrap,M,2,5584.225,0.43,6366.02,2024-08-01,Online,Hyderabad,2019.56,Sale,Valid
3359,Kids,Basketball,LeBron 20,,2,9362.81,1.0,0.0,2024-01-09,Retail,Mumbai,2963.03,Sale,Review
3360,Women,Training,Metcon 7,M,4,5744.7,0.06,21600.07,2024-07-31,Online,Bangalore,304.12,Sale,Valid
3362,Men,Lifestyle,Air Force 1,L,2,6554.6849999999995,0.0,13109.37,2024-03-10,Retail,Delhi,2730.12,Sale,Valid
3363,Women,Basketball,Kyrie Flytrap,,3,5584.225,0.6,6701.07,2025-02-18,Online,Bangalore,39.86,Sale,Valid
3364,Kids,Soccer,Premier III,M,2,6060.035,0.24,9211.25,2024-11-09,Online,Pune,-371.86,Sale,Valid
3366,Men,Basketball,LeBron 20,M,2,6630.92,0.0,13261.84,2024-12-15,Retail,Pune,2762.68,Sale,Valid
3368,Women,Training,Flex Trainer,M,1,6481.055,0.0,6481.06,2025-04-14,Retail,Delhi,2027.47,Sale,Valid
3369,Men,Running,React Infinity,L,1,5103.34,0.05,4848.17,2024-09-27,Online,Kolkata,1247.02,Sale,Valid
3370,Women,Basketball,Air Jordan,XL,2,3328.45,0.0,6656.9,2025-07-05,Retail,Bangalore,-1137.54,Sale,Valid
3371,Men,Training,Flex Trainer,XL,1,2636.01,0.0,2636.01,2025-04-26,Retail,Delhi,2255.43,Sale,Valid
3372,Kids,Basketball,Kyrie Flytrap,M,2,5584.225,0.77,2568.74,2025-02-24,Online,Delhi,-1088.45,Sale,Valid
3374,Men,Training,Flex Trainer,M,4,4500.96,0.0,18003.84,2024-12-16,Online,Pune,1905.25,Sale,Valid
3379,Men,Basketball,Air Jordan,,2,5000.49,0.86,1400.14,2024-10-23,Retail,Pune,3000.14,Sale,Review
3381,Men,Training,ZoomX Invincible,,1,6424.68,0.0,6424.68,2024-02-23,Retail,Mumbai,2718.47,Sale,Valid
3382,Men,Basketball,LeBron 20,XL,2,9187.23,0.0,18374.46,2025-10-01,Retail,Hyderabad,1710.15,Sale,Valid
3383,Women,Lifestyle,Air Force 1,XL,2,6554.6849999999995,0.0,13109.37,2024-12-08,Retail,Bangalore,3793.87,Sale,Valid
3384,Women,Basketball,Air Jordan,10,2,5974.92,0.27,8723.38,2025-07-22,Retail,Bangalore,144.65,Sale,Valid
3385,Men,Training,ZoomX Invincible,,1,9019.91,0.0,9019.91,2025-03-21,Online,Hyderabad,-643.93,Sale,Valid
3386,Women,Soccer,Phantom GT,8,2,9212.82,1.0,0.0,2024-10-16,Retail,Hyderabad,3827.83,Sale,Review
3387,Men,Soccer,Phantom GT,10,4,6012.23,1.0,0.0,2025-06-21,Retail,Bangalore,2821.58,Sale,Review
3388,Women,Running,Free RN,7,1,4042.33,0.0,4042.33,2025-03-05,Online,Pune,1915.52,Sale,Valid
3389,Women,Running,Air Zoom,M,3,9764.91,0.0,29294.73,2025-04-04,Online,Mumbai,3491.49,Sale,Valid
3391,Women,Soccer,Mercurial Superfly,M,2,6769.465,0.0,13538.93,2023-11-14,Retail,Hyderabad,1628.31,Sale,Valid
3393,Kids,Basketball,Air Jordan,M,2,5974.92,0.68,3823.95,2025-06-08,Online,Bangalore,1329.32,Sale,Valid
3394,Kids,Lifestyle,Dunk Low,XL,1,6091.98,0.0,6091.98,2024-11-03,Online,Hyderabad,2396.11,Sale,Valid
3395,Women,Running,Free RN,L,3,6299.575,0.0,18898.72,2025-01-15,Online,Mumbai,3069.77,Sale,Valid
3398,Men,Basketball,LeBron 20,XL,2,2082.49,0.0,4164.98,2023-08-27,Retail,Kolkata,415.57,Sale,Valid
3399,Women,Basketball,LeBron 20,6,2,4507.45,0.0,9014.9,2025-11-02,Online,Hyderabad,-1021.01,Sale,Valid
3400,Kids,Lifestyle,Waffle One,M,2,5349.78,0.23,8238.66,2024-11-10,Retail,Hyderabad,703.25,Sale,Valid
3403,Kids,Training,Flex Trainer,M,1,6481.055,0.0,6481.06,2024-10-30,Retail,Pune,-200.19,Sale,Valid
3404,Kids,Basketball,Zoom Freak,XL,2,6172.36,0.0,12344.72,2025-05-04,Online,Pune,1505.06,Sale,Valid
3406,Women,Basketball,Zoom Freak,10,2,6172.36,1.0,0.0,2024-08-19,Online,Bangalore,3314.92,Sale,Review
3408,Men,Basketball,Air Jordan,XL,2,5974.92,0.0,11949.84,2025-02-28,Retail,Delhi,1675.58,Sale,Valid
3409,Kids,Running,Air Zoom,M,1,6312.01,0.3,4418.41,2024-08-09,Retail,Delhi,-1106.07,Sale,Valid
3413,Kids,Soccer,Phantom GT,XL,2,6012.23,0.0,12024.46,2023-07-31,Online,Hyderabad,2752.65,Sale,Valid
3414,Men,Lifestyle,Dunk Low,7,4,9996.22,0.0,39984.88,2025-01-21,Online,Mumbai,520.63,Sale,Valid
3415,Kids,Basketball,Air Jordan,L,1,6165.08,0.0,6165.08,2024-03-06,Online,Hyderabad,-426.97,Return,Valid
3416,Men,Soccer,Phantom GT,XL,2,8954.59,0.33,11999.15,2025-04-06,Retail,Hyderabad,-819.45,Sale,Valid
3417,Men,Basketball,LeBron 20,XL,2,5700.61,0.0,11401.22,2025-03-30,Online,Kolkata,-409.81,Sale,Valid
3421,Women,Basketball,Zoom Freak,L,2,6172.36,0.0,12344.72,2024-07-12,Online,Hyderabad,-242.44,Sale,Valid
3422,Kids,Training,Metcon 7,XL,1,3197.01,0.0,3197.01,2024-01-18,Retail,Hyderabad,2432.76,Sale,Valid
3423,Kids,Basketball,Kyrie Flytrap,L,2,5584.225,0.0,11168.45,2024-06-08,Retail,Mumbai,106.0,Sale,Valid
3424,Women,Training,SuperRep Go,M,1,7007.84,0.32,4765.33,2025-11-02,Online,Mumbai,1955.19,Sale,Valid
3425,Women,Lifestyle,Dunk Low,,1,2276.09,0.0,2276.09,2024-07-25,Online,Kolkata,2342.64,Return,Review
3428,Women,Basketball,Air Jordan,6,1,2825.86,0.23,2175.91,2024-03-12,Online,Bangalore,625.3,Sale,Valid
3431,Women,Training,Metcon 7,L,1,5744.7,0.96,229.79,2024-01-10,Retail,Delhi,3816.31,Return,Review
3432,Kids,Basketball,Kyrie Flytrap,XL,2,5584.225,0.0,11168.45,2025-03-06,Online,Kolkata,-640.44,Sale,Valid
3434,Kids,Basketball,Air Jordan,XL,2,8741.65,0.0,17483.3,2024-10-21,Online,Delhi,570.25,Sale,Valid
3436,Kids,Soccer,Mercurial Superfly,L,2,6769.465,0.0,13538.93,2025-06-11,Retail,Bangalore,2107.65,Sale,Valid
3437,Kids,Soccer,Tiempo Legend,M,2,5830.525,0.0,11661.05,2024-05-10,Retail,Mumbai,-113.52,Sale,Valid
3438,Women,Soccer,Phantom GT,7,3,6012.23,0.18,14790.09,2024-05-09,Retail,Hyderabad,1669.74,Sale,Valid
3441,Kids,Running,Free RN,12,2,9313.98,0.0,18627.96,2025-08-05,Retail,Delhi,3301.27,Sale,Valid
3442,Kids,Basketball,Zoom Freak,XL,4,6172.36,0.0,24689.44,2025-01-21,Online,Mumbai,3129.5,Sale,Valid
3444,Men,Basketball,LeBron 20,L,2,6630.92,0.0,13261.84,2025-07-04,Online,Kolkata,-382.31,Sale,Valid
3446,Men,Lifestyle,Dunk Low,8,2,6091.98,0.0,12183.96,2024-07-09,Retail,Bangalore,1680.5,Sale,Valid
3447,Women,Basketball,LeBron 20,M,2,6630.92,0.0,13261.84,2025-05-14,Retail,Hyderabad,1860.15,Sale,Valid
3450,Men,Running,React Infinity,M,3,6346.35,0.0,19039.05,2024-01-16,Retail,Bangalore,904.82,Sale,Valid
3451,Men,Training,SuperRep Go,7,1,5587.585,0.0,5587.58,2025-07-05,Retail,Mumbai,720.76,Sale,Valid
3452,Men,Training,SuperRep Go,11,1,5587.585,0.0,5587.58,2024-05-08,Online,Delhi,1239.11,Sale,Valid
3455,Women,Soccer,Premier III,,2,5947.51,0.0,11895.02,2025-01-17,Retail,Hyderabad,1352.56,Sale,Valid
3457,Women,Training,Flex Trainer,11,1,6481.055,0.81,1231.4,2025-02-24,Online,Pune,3777.72,Sale,Review
3458,Women,Running,Pegasus Turbo,,1,5286.01,0.83,898.62,2025-01-22,Online,Mumbai,257.87,Sale,Valid
3459,Men,Lifestyle,Blazer Mid,,2,6100.23,0.0,12200.46,2025-03-27,Retail,Hyderabad,2745.91,Sale,Valid
3462,Women,Basketball,Kyrie Flytrap,,3,2610.98,0.0,7832.94,2024-12-21,Retail,Bangalore,274.97,Sale,Valid
3463,Women,Soccer,Phantom GT,12,1,6012.23,0.0,6012.23,2025-02-24,Retail,Pune,1853.7,Sale,Valid
3465,Men,Lifestyle,Dunk Low,,2,6091.98,0.0,12183.96,2023-11-29,Online,Delhi,1698.7,Sale,Valid
3466,Men,Basketball,Kyrie Flytrap,,2,6498.22,0.5,6498.22,2024-10-24,Retail,Mumbai,-360.53,Sale,Valid
3467,Men,Lifestyle,Air Force 1,M,2,6554.6849999999995,0.0,13109.37,2025-03-13,Online,Bangalore,1472.83,Sale,Valid
3469,Kids,Running,Air Zoom,10,1,4590.24,0.0,4590.24,2024-10-01,Online,Mumbai,3792.66,Sale,Valid
3470,Kids,Soccer,Tiempo Legend,M,2,5830.525,0.0,11661.05,2025-11-02,Online,Kolkata,284.96,Sale,Valid
3472,Men,Basketball,Air Jordan,XL,2,5974.92,0.0,11949.84,2024-08-31,Online,Hyderabad,1750.67,Sale,Valid
3473,Kids,Soccer,Premier III,M,4,3551.05,0.0,14204.2,2024-12-05,Online,Delhi,63.47,Sale,Valid
3475,Kids,Soccer,Tiempo Legend,L,1,2120.44,0.0,2120.44,2024-07-29,Online,Mumbai,2996.47,Sale,Review
3476,Men,Training,Flex Trainer,11,1,3891.22,0.37,2451.47,2025-06-25,Retail,Mumbai,1881.61,Sale,Valid
3477,Men,Basketball,Air Jordan,M,2,4135.26,0.0,8270.52,2025-04-25,Online,Delhi,1691.28,Sale,Valid
3478,Kids,Training,Flex Trainer,9,1,6481.055,0.0,6481.06,2025-05-17,Retail,Mumbai,2192.68,Sale,Valid
3479,Women,Training,ZoomX Invincible,XL,4,6424.68,0.0,25698.72,2024-09-16,Retail,Mumbai,1909.78,Sale,Valid
3481,Women,Lifestyle,Air Force 1,XL,4,6554.6849999999995,0.0,26218.74,2023-10-15,Online,Bangalore,2564.61,Sale,Valid
3482,Men,Soccer,Mercurial Superfly,M,2,6769.465,0.0,13538.93,2024-08-19,Online,Hyderabad,1660.47,Sale,Valid
3483,Men,Lifestyle,Air Force 1,L,4,4733.92,0.0,18935.68,2024-12-04,Online,Kolkata,738.19,Sale,Valid
3484,Kids,Lifestyle,Dunk Low,12,2,2638.44,0.0,5276.88,2024-08-18,Online,Bangalore,1395.41,Sale,Valid
3485,Women,Lifestyle,Dunk Low,,2,6091.98,0.0,12183.96,2024-12-14,Retail,Hyderabad,1722.38,Sale,Valid
3486,Kids,Training,SuperRep Go,L,4,5587.585,0.0,22350.34,2024-10-14,Retail,Delhi,1451.77,Sale,Valid
3487,Men,Lifestyle,Dunk Low,M,2,3240.99,0.42,3759.55,2025-05-28,Online,Hyderabad,2927.35,Sale,Valid
3488,Women,Soccer,Tiempo Legend,XL,4,5830.525,0.0,23322.1,2025-03-12,Online,Kolkata,86.25,Sale,Valid
3489,Kids,Running,React Infinity,8,2,6346.35,0.0,12692.7,2025-04-04,Online,Mumbai,1734.72,Sale,Valid
3491,Men,Soccer,Premier III,XL,2,6060.035,0.39,7393.24,2024-10-19,Online,Mumbai,-473.94,Sale,Valid
3494,Kids,Running,Pegasus Turbo,,1,5286.01,0.87,687.18,2024-09-17,Retail,Pune,3566.05,Sale,Review
3495,Women,Basketball,LeBron 20,M,1,6630.92,0.0,6630.92,2024-08-13,Retail,Pune,3572.8,Return,Valid
3496,Men,Running,Air Zoom,M,3,5548.255,0.77,3828.3,2024-10-08,Retail,Delhi,-786.91,Sale,Valid
3497,Women,Basketball,Zoom Freak,L,2,8688.92,0.0,17377.84,2024-08-12,Online,Mumbai,1878.22,Sale,Valid
3499,Women,Training,ZoomX Invincible,,1,5864.29,0.0,5864.29,2025-03-30,Retail,Kolkata,357.03,Sale,Valid
3500,Kids,Lifestyle,Blazer Mid,L,2,5471.81,0.56,4815.19,2025-03-25,Retail,Kolkata,361.86,Sale,Valid
3501,Men,Lifestyle,Blazer Mid,,1,5786.02,1.0,0.0,2024-11-09,Retail,Mumbai,2016.85,Return,Review
3502,Men,Lifestyle,Blazer Mid,L,2,6418.29,0.89,1412.02,2023-11-09,Online,Delhi,3665.75,Sale,Review
3503,Men,Training,SuperRep Go,M,1,6992.17,0.0,6992.17,2024-11-16,Online,Mumbai,-1048.24,Sale,Valid
3504,Women,Training,SuperRep Go,,1,9075.41,0.03,8803.15,2024-08-18,Retail,Delhi,3035.95,Sale,Valid
3508,Kids,Training,ZoomX Invincible,,1,6424.68,0.0,6424.68,2024-10-12,Retail,Bangalore,3466.92,Sale,Valid
3509,Kids,Lifestyle,Blazer Mid,12,2,2066.04,0.0,4132.08,2025-07-22,Online,Mumbai,2278.11,Sale,Valid
3510,Men,Soccer,Tiempo Legend,M,2,5830.525,0.0,11661.05,2025-04-17,Retail,Hyderabad,3445.21,Sale,Valid
3511,Kids,Lifestyle,Blazer Mid,XL,2,3248.17,0.06,6106.56,2025-02-15,Retail,Hyderabad,877.12,Sale,Valid
3512,Kids,Basketball,Zoom Freak,M,4,6172.36,0.96,987.58,2025-05-06,Retail,Pune,2516.79,Sale,Review
3514,Kids,Running,React Infinity,7,1,6546.46,0.0,6546.46,2024-08-10,Retail,Hyderabad,2804.16,Sale,Valid
3518,Women,Basketball,Air Jordan,XL,2,5974.92,0.0,11949.84,2024-08-14,Retail,Delhi,3047.69,Sale,Valid
3519,Kids,Soccer,Premier III,,2,6060.035,0.0,12120.07,2025-05-25,Retail,Kolkata,3491.18,Sale,Valid
3520,Women,Lifestyle,Waffle One,XL,2,2080.85,1.0,0.0,2024-03-22,Retail,Delhi,-776.21,Sale,Valid
3523,Kids,Training,SuperRep Go,6,1,7061.5,1.0,0.0,2024-06-09,Retail,Kolkata,825.03,Sale,Review
3524,Kids,Training,SuperRep Go,9,1,5587.585,0.0,5587.58,2024-11-12,Online,Mumbai,1646.1,Sale,Valid
3525,Kids,Running,React Infinity,,1,7170.91,0.0,7170.91,2025-01-29,Retail,Mumbai,3030.5,Sale,Valid
3527,Men,Soccer,Phantom GT,,3,6012.23,0.0,18036.69,2025-06-12,Online,Mumbai,-257.35,Sale,Valid
3528,Kids,Running,React Infinity,L,1,3742.67,0.0,3742.67,2024-08-21,Retail,Hyderabad,2662.77,Sale,Valid
3529,Men,Training,SuperRep Go,L,1,5587.585,0.2,4470.07,2025-03-28,Retail,Delhi,1448.77,Sale,Valid
3532,Kids,Running,React Infinity,XL,1,9244.96,0.47,4899.83,2024-05-07,Online,Mumbai,-955.19,Sale,Valid
3533,Kids,Running,Air Zoom,L,1,5548.255,0.0,5548.26,2023-11-05,Retail,Hyderabad,451.71,Sale,Valid
3534,Kids,Basketball,Zoom Freak,,3,3280.57,0.62,3739.85,2024-11-09,Retail,Kolkata,427.76,Sale,Valid
3535,Kids,Basketball,LeBron 20,XL,2,6302.89,0.82,2269.04,2024-12-24,Retail,Pune,169.86,Sale,Valid
3536,Women,Lifestyle,Dunk Low,12,2,3929.3,0.0,7858.6,2024-12-01,Retail,Bangalore,3934.31,Sale,Valid
3537,Men,Lifestyle,Blazer Mid,XL,2,5464.07,1.0,0.0,2025-06-15,Online,Kolkata,3170.78,Sale,Review
3540,Kids,Training,Flex Trainer,XL,1,9564.4,0.0,9564.4,2025-05-16,Retail,Delhi,1850.13,Return,Valid
3541,Kids,Training,SuperRep Go,M,1,3644.5,0.0,3644.5,2024-04-09,Online,Mumbai,2011.76,Return,Valid
3542,Men,Lifestyle,Air Force 1,,2,7199.03,0.61,5615.24,2024-11-28,Retail,Mumbai,1826.07,Sale,Valid
3543,Kids,Lifestyle,Dunk Low,,2,6091.98,0.0,12183.96,2024-11-22,Retail,Pune,2712.79,Sale,Valid
3545,Men,Training,Flex Trainer,12,3,6481.055,0.0,19443.16,2023-08-03,Online,Delhi,2239.86,Sale,Valid
3548,Kids,Soccer,Phantom GT,,3,6012.23,0.0,18036.69,2024-03-12,Online,Kolkata,3366.32,Sale,Valid
3551,Women,Training,SuperRep Go,10,1,9948.15,1.0,0.0,2023-08-02,Retail,Kolkata,-259.16,Sale,Valid
3552,Men,Running,React Infinity,XL,4,6346.35,0.0,25385.4,2025-05-17,Retail,Mumbai,762.95,Sale,Valid
3553,Women,Running,Air Zoom,XL,2,5216.27,0.0,10432.54,2025-06-25,Online,Pune,-720.87,Sale,Valid
3555,Kids,Soccer,Phantom GT,9,2,6012.23,0.0,12024.46,2025-04-26,Retail,Hyderabad,-1069.25,Sale,Valid
3556,Women,Basketball,Kyrie Flytrap,M,4,5584.225,0.0,22336.9,2025-03-13,Retail,Kolkata,-843.61,Sale,Valid
3557,Kids,Basketball,Air Jordan,L,1,5974.92,0.66,2031.47,2024-08-09,Retail,Hyderabad,-884.81,Sale,Valid
3558,Women,Training,Flex Trainer,L,4,4045.21,0.0,16180.84,2024-08-30,Online,Mumbai,-113.44,Sale,Valid
3560,Women,Soccer,Phantom GT,,2,6012.23,0.13,10461.28,2023-07-26,Retail,Hyderabad,3662.98,Sale,Valid
3561,Women,Basketball,Zoom Freak,11,2,6172.36,0.0,12344.72,2024-07-24,Online,Kolkata,1062.39,Sale,Valid
3562,Women,Basketball,LeBron 20,,1,6630.92,0.0,6630.92,2024-10-31,Retail,Delhi,1904.66,Sale,Valid
3565,Kids,Basketball,Kyrie Flytrap,XL,2,5584.225,0.55,5025.8,2024-08-27,Online,Kolkata,3851.81,Sale,Valid
3566,Men,Lifestyle,Waffle One,XL,2,5349.78,0.0,10699.56,2024-12-12,Retail,Hyderabad,2315.64,Sale,Valid
3569,Women,Soccer,Phantom GT,12,2,9203.0,0.0,18406.0,2024-08-12,Online,Kolkata,1797.66,Sale,Valid
3570,Men,Soccer,Tiempo Legend,,2,9713.73,0.0,19427.46,2025-02-23,Online,Delhi,1914.18,Sale,Valid
3573,Men,Basketball,Air Jordan,,1,6830.98,0.39,4166.9,2025-03-18,Retail,Mumbai,-175.76,Sale,Valid
3576,Women,Lifestyle,Waffle One,M,2,3533.18,0.0,7066.36,2024-03-17,Retail,Bangalore,-586.23,Sale,Valid
3581,Women,Soccer,Phantom GT,L,4,6012.23,0.0,24048.92,2024-12-23,Retail,Kolkata,2178.05,Sale,Valid
3582,Kids,Soccer,Mercurial Superfly,M,2,2117.04,0.0,4234.08,2024-09-01,Online,Pune,806.52,Sale,Valid
3584,Men,Basketball,Air Jordan,10,2,3500.16,0.0,7000.32,2025-03-19,Online,Kolkata,-258.05,Sale,Valid
3585,Men,Running,Air Zoom,XL,1,5548.255,0.52,2663.16,2025-05-03,Retail,Kolkata,1263.91,Sale,Valid
3586,Women,Lifestyle,Waffle One,L,2,5349.78,0.0,10699.56,2024-12-14,Online,Delhi,3579.64,Sale,Valid
3587,Men,Training,SuperRep Go,6,1,5587.585,0.0,5587.58,2025-07-01,Online,Bangalore,-1182.04,Sale,Valid
3588,Men,Lifestyle,Waffle One,L,2,7808.46,0.0,15616.92,2024-08-29,Online,Pune,3190.87,Sale,Valid
3589,Kids,Training,Flex Trainer,12,1,6481.055,0.0,6481.06,2024-12-09,Retail,Mumbai,-247.69,Sale,Valid
3591,Kids,Running,Pegasus Turbo,8,1,3718.65,1.0,0.0,2024-11-08,Retail,Delhi,2210.66,Sale,Review
3592,Women,Running,Free RN,L,1,8609.05,0.0,8609.05,2025-06-15,Retail,Kolkata,1289.77,Sale,Valid
3594,Kids,Training,Flex Trainer,,1,9694.85,0.98,193.9,2025-02-24,Online,Hyderabad,1562.86,Return,Review
3595,Kids,Running,Air Zoom,L,1,6890.68,0.0,6890.68,2023-09-05,Online,Pune,3385.84,Sale,Valid
3596,Men,Training,Metcon 7,8,2,5744.7,0.0,11489.4,2025-06-10,Online,Pune,-66.97,Sale,Valid
3597,Kids,Basketball,Zoom Freak,,2,6172.36,1.0,0.0,2025-04-07,Online,Hyderabad,230.4,Sale,Review
3602,Men,Soccer,Tiempo Legend,XL,1,5830.525,0.0,5830.52,2024-07-28,Online,Pune,3731.9,Return,Valid
3605,Men,Soccer,Phantom GT,M,2,8837.76,0.0,17675.52,2025-01-09,Online,Hyderabad,1627.87,Sale,Valid
3606,Women,Basketball,LeBron 20,XL,3,3515.86,0.0,10547.58,2025-02-14,Retail,Pune,-511.49,Sale,Valid
3608,Men,Soccer,Premier III,XL,2,6060.035,0.0,12120.07,2025-06-14,Retail,Delhi,-610.18,Sale,Valid
3609,Men,Training,SuperRep Go,XL,1,5587.585,0.0,5587.58,2024-03-11,Online,Delhi,-696.69,Sale,Valid
3610,Kids,Lifestyle,Dunk Low,11,2,6091.98,0.64,4386.23,2025-03-14,Online,Kolkata,-336.38,Sale,Valid
3611,Women,Lifestyle,Waffle One,,1,5798.69,0.0,5798.69,2025-04-10,Online,Delhi,3450.57,Return,Valid
3612,Women,Running,Air Zoom,XL,1,4632.0,0.0,4632.0,2025-06-22,Online,Mumbai,2397.42,Sale,Valid
3613,Men,Lifestyle,Blazer Mid,XL,4,5786.02,0.0,23144.08,2024-08-16,Online,Hyderabad,2136.73,Sale,Valid
3614,Men,Training,ZoomX Invincible,L,1,6186.3,0.22,4825.31,2024-09-17,Online,Pune,2169.69,Sale,Valid
3616,Kids,Lifestyle,Blazer Mid,L,1,9799.16,0.0,9799.16,2025-01-07,Retail,Kolkata,3969.15,Sale,Valid
3617,Men,Soccer,Premier III,9,2,4694.37,0.0,9388.74,2024-11-20,Online,Mumbai,2406.47,Sale,Valid
3618,Men,Soccer,Mercurial Superfly,9,3,2209.45,0.0,6628.35,2025-06-15,Retail,Kolkata,932.04,Sale,Valid
3621,Women,Basketball,LeBron 20,L,2,9699.01,0.0,19398.02,2025-04-20,Retail,Mumbai,3858.11,Sale,Valid
3622,Women,Soccer,Premier III,8,3,2187.91,0.0,6563.73,2024-09-22,Online,Hyderabad,1951.56,Sale,Valid
3623,Men,Lifestyle,Waffle One,XL,2,5349.78,0.75,2674.89,2025-06-24,Retail,Mumbai,1980.48,Sale,Valid
3624,Women,Soccer,Premier III,6,1,8534.07,0.0,8534.07,2024-11-17,Retail,Mumbai,-1124.03,Return,Valid
3625,Kids,Soccer,Tiempo Legend,XL,2,5830.525,0.0,11661.05,2025-03-02,Retail,Kolkata,849.98,Sale,Valid
3626,Men,Running,React Infinity,7,1,6346.35,0.0,6346.35,2024-09-24,Retail,Pune,1911.32,Sale,Valid
3627,Kids,Training,SuperRep Go,8,1,5587.585,1.0,0.0,2024-12-21,Online,Mumbai,396.74,Sale,Review
3632,Kids,Basketball,LeBron 20,,1,6630.92,0.56,2917.6,2024-10-12,Retail,Bangalore,2836.11,Sale,Valid
3634,Men,Lifestyle,Waffle One,L,2,5349.78,1.0,0.0,2025-08-07,Online,Kolkata,3717.46,Sale,Review
3635,Men,Training,SuperRep Go,M,2,5587.585,0.0,11175.17,2025-03-22,Retail,Bangalore,3656.45,Sale,Valid
3636,Women,Soccer,Tiempo Legend,M,2,7881.53,0.0,15763.06,2023-12-19,Retail,Delhi,2615.73,Sale,Valid
3637,Women,Running,Pegasus Turbo,6,2,6577.39,0.0,13154.78,2025-05-29,Retail,Delhi,1945.9,Sale,Valid
3638,Kids,Basketball,Air Jordan,8,2,3701.59,0.0,7403.18,2025-05-20,Online,Kolkata,1148.57,Sale,Valid
3639,Men,Soccer,Mercurial Superfly,XL,2,6769.465,0.43,7717.19,2025-01-05,Online,Pune,2929.76,Sale,Valid
3644,Kids,Running,React Infinity,,1,5702.53,0.0,5702.53,2023-10-31,Online,Delhi,1437.04,Sale,Valid
3646,Men,Training,Flex Trainer,XL,3,6481.055,0.0,19443.16,2025-04-21,Online,Bangalore,2873.66,Sale,Valid
3648,Men,Soccer,Tiempo Legend,M,2,5830.525,0.0,11661.05,2025-01-08,Online,Bangalore,3584.04,Sale,Valid
3650,Women,Soccer,Premier III,M,2,6060.035,0.0,12120.07,2024-01-07,Retail,Delhi,-520.93,Sale,Valid
3651,Men,Training,SuperRep Go,M,1,8891.63,1.0,0.0,2024-12-17,Retail,Delhi,-636.77,Sale,Valid
3653,Men,Running,Air Zoom,10,1,5548.255,0.0,5548.26,2024-03-12,Retail,Hyderabad,1642.93,Sale,Valid
3654,Women,Training,Metcon 7,L,3,5744.7,0.0,17234.1,2024-10-09,Retail,Pune,2395.74,Sale,Valid
3655,Women,Lifestyle,Air Force 1,6,2,6554.6849999999995,0.0,13109.37,2025-05-08,Retail,Pune,3499.88,Sale,Valid
3656,Men,Lifestyle,Waffle One,L,4,5349.78,0.0,21399.12,2025-11-06,Retail,Pune,3421.81,Sale,Valid
3657,Men,Soccer,Mercurial Superfly,,1,6769.465,0.67,2233.92,2024-05-08,Online,Kolkata,3451.02,Return,Review
3663,Women,Training,SuperRep Go,L,1,5604.03,0.0,5604.03,2025-04-09,Retail,Delhi,3359.81,Sale,Valid
3664,Women,Training,Flex Trainer,XL,1,6481.055,1.0,0.0,2025-04-20,Retail,Mumbai,480.16,Sale,Review
3665,Women,Lifestyle,Blazer Mid,,2,2958.1,0.0,5916.2,2024-07-06,Retail,Hyderabad,2003.55,Sale,Valid
3666,Women,Running,Air Zoom,,2,5548.255,1.0,0.0,2025-04-07,Retail,Delhi,3382.55,Sale,Review
3668,Kids,Soccer,Premier III,XL,1,6060.035,0.0,6060.04,2024-10-27,Retail,Mumbai,795.86,Sale,Valid
3669,Women,Lifestyle,Blazer Mid,L,2,2287.32,0.0,4574.64,2023-08-27,Online,Kolkata,3859.9,Sale,Valid
3672,Women,Soccer,Tiempo Legend,7,3,7127.18,0.32,14539.45,2024-08-16,Online,Delhi,2651.63,Sale,Valid
3674,Men,Lifestyle,Waffle One,XL,2,5349.78,0.0,10699.56,2025-04-18,Online,Pune,1819.44,Sale,Valid
3675,Men,Running,Pegasus Turbo,9,2,5286.01,0.0,10572.02,2024-11-13,Online,Delhi,3969.03,Sale,Valid
3678,Women,Lifestyle,Waffle One,10,3,5349.78,0.0,16049.34,2024-08-14,Online,Kolkata,1488.91,Sale,Valid
3680,Men,Training,Flex Trainer,XL,3,8835.41,0.92,2120.5,2025-01-27,Retail,Delhi,-746.28,Sale,Valid
3681,Men,Soccer,Phantom GT,L,2,6012.23,0.95,601.22,2025-09-04,Online,Hyderabad,1838.69,Sale,Review
3682,Women,Basketball,Zoom Freak,12,2,6158.05,1.0,0.0,2024-09-10,Retail,Mumbai,160.21,Sale,Review
3683,Women,Soccer,Premier III,L,2,6060.035,0.0,12120.07,2024-05-15,Retail,Kolkata,-4.26,Sale,Valid
3684,Kids,Soccer,Tiempo Legend,L,2,3440.57,1.0,0.0,2024-01-09,Online,Hyderabad,3299.44,Sale,Review
3685,Women,Basketball,Air Jordan,XL,2,2633.72,0.0,5267.44,2025-02-13,Retail,Hyderabad,1668.0,Sale,Valid
3686,Women,Training,SuperRep Go,8,1,5587.585,0.0,5587.58,2024-10-26,Retail,Hyderabad,-2.86,Sale,Valid
3687,Women,Training,ZoomX Invincible,XL,1,6216.27,0.0,6216.27,2024-10-23,Retail,Mumbai,2418.27,Return,Valid
3688,Kids,Running,React Infinity,L,1,5048.98,0.0,5048.98,2025-04-17,Retail,Kolkata,1214.86,Sale,Valid
3689,Women,Soccer,Phantom GT,XL,2,6012.23,0.0,12024.46,2024-09-01,Retail,Pune,1854.17,Sale,Valid
3691,Men,Soccer,Premier III,11,4,6060.035,0.51,11877.67,2025-03-28,Online,Bangalore,2305.88,Sale,Valid
3695,Kids,Training,SuperRep Go,,1,4788.11,0.19,3878.37,2025-04-07,Retail,Mumbai,-259.55,Return,Valid
3696,Kids,Training,ZoomX Invincible,M,1,6425.04,0.0,6425.04,2024-11-09,Retail,Kolkata,1966.58,Sale,Valid
3699,Women,Running,Air Zoom,7,1,8400.1,0.47,4452.05,2024-06-10,Retail,Delhi,249.58,Sale,Valid
3702,Men,Running,React Infinity,M,1,6346.35,0.99,63.46,2025-05-20,Online,Pune,3398.32,Sale,Review
3703,Men,Running,Air Zoom,M,1,5548.255,0.0,5548.26,2024-10-01,Online,Mumbai,326.86,Sale,Valid
3705,Kids,Training,Metcon 7,6,1,5644.1,0.09,5136.13,2024-09-11,Online,Hyderabad,3860.78,Sale,Valid
3706,Men,Running,Pegasus Turbo,M,1,9437.73,0.0,9437.73,2025-09-03,Retail,Hyderabad,3271.38,Sale,Valid
3707,Kids,Lifestyle,Waffle One,L,4,9532.8,0.0,38131.2,2025-02-01,Online,Mumbai,732.26,Sale,Valid
3708,Kids,Basketball,Kyrie Flytrap,12,2,4546.64,0.77,2091.45,2025-02-15,Retail,Bangalore,3305.02,Sale,Review
3711,Kids,Basketball,Zoom Freak,,2,6172.36,0.53,5802.02,2023-12-28,Online,Delhi,1077.08,Sale,Valid
3712,Kids,Basketball,Air Jordan,,2,3455.53,0.0,6911.06,2024-08-03,Online,Delhi,3810.67,Sale,Valid
3713,Men,Basketball,Zoom Freak,XL,2,6172.36,0.68,3950.31,2024-10-30,Retail,Pune,3271.73,Sale,Valid
3714,Kids,Soccer,Tiempo Legend,L,2,3568.35,0.0,7136.7,2025-02-21,Retail,Mumbai,2363.52,Sale,Valid
3715,Men,Lifestyle,Air Force 1,L,4,6554.6849999999995,0.0,26218.74,2025-06-23,Online,Bangalore,2774.43,Sale,Valid
3716,Women,Soccer,Phantom GT,,2,7916.1,0.9,1583.22,2023-08-23,Online,Pune,2442.47,Sale,Review
3719,Men,Running,Free RN,,2,5943.38,0.23,9152.81,2025-06-21,Online,Bangalore,3260.51,Sale,Valid
3720,Men,Lifestyle,Blazer Mid,XL,2,7365.14,0.0,14730.28,2025-01-24,Retail,Delhi,3369.92,Sale,Valid
3721,Kids,Soccer,Tiempo Legend,10,2,7155.1,0.0,14310.2,2025-07-02,Retail,Kolkata,2274.14,Sale,Valid
3722,Kids,Training,ZoomX Invincible,7,1,9335.0,0.22,7281.3,2023-11-21,Retail,Mumbai,1787.45,Sale,Valid
3723,Men,Soccer,Mercurial Superfly,7,1,7430.5,0.0,7430.5,2024-12-29,Online,Delhi,2473.13,Return,Valid
3724,Kids,Basketball,LeBron 20,XL,2,6630.92,0.0,13261.84,2025-01-22,Online,Bangalore,-866.33,Sale,Valid
3725,Men,Soccer,Phantom GT,7,2,6318.92,0.0,12637.84,2025-05-18,Online,Bangalore,3353.55,Sale,Valid
3726,Kids,Soccer,Tiempo Legend,,2,5830.525,0.0,11661.05,2025-01-30,Retail,Pune,-239.87,Sale,Valid
3727,Women,Basketball,Zoom Freak,L,2,6172.36,0.6,4937.89,2024-12-17,Retail,Delhi,1555.74,Sale,Valid
3729,Men,Running,Free RN,M,1,6299.575,0.0,6299.58,2025-06-02,Retail,Hyderabad,2966.82,Sale,Valid
3731,Kids,Soccer,Phantom GT,L,2,7038.04,0.0,14076.08,2025-02-13,Online,Delhi,301.9,Sale,Valid
2016,Women,Training,Metcon 7,,2,5744.7,0.0,11489.4,2024-03-15,Retail,Delhi,-263.86,Sale,Valid
3735,Kids,Basketball,LeBron 20,M,2,2248.14,0.0,4496.28,2024-09-19,Online,Bangalore,3686.2,Sale,Valid
3738,Men,Soccer,Premier III,11,1,6968.08,0.02,6828.72,2025-03-30,Online,Delhi,-673.94,Sale,Valid
3739,Women,Training,SuperRep Go,11,1,5050.05,0.0,5050.05,2025-01-13,Online,Kolkata,3928.19,Return,Valid
3741,Kids,Lifestyle,Air Force 1,L,2,8927.22,0.2,14283.55,2025-07-13,Retail,Kolkata,821.32,Sale,Valid
3742,Women,Soccer,Tiempo Legend,,2,5830.525,0.78,2565.43,2024-06-20,Retail,Mumbai,2266.51,Sale,Valid
3743,Men,Training,Flex Trainer,M,1,6481.055,0.2,5184.84,2024-08-23,Retail,Kolkata,1370.17,Sale,Valid
3745,Men,Lifestyle,Waffle One,,2,5349.78,0.0,10699.56,2025-03-09,Online,Kolkata,552.84,Sale,Valid
3746,Kids,Lifestyle,Waffle One,M,2,7490.78,0.0,14981.56,2024-12-06,Retail,Mumbai,2815.43,Sale,Valid
3747,Men,Lifestyle,Air Force 1,,4,5776.58,0.0,23106.32,2025-06-08,Retail,Hyderabad,616.71,Sale,Valid
3749,Men,Basketball,Air Jordan,,2,6985.01,0.0,13970.02,2025-05-21,Online,Kolkata,479.32,Sale,Valid
3750,Kids,Training,Metcon 7,7,1,5744.7,0.0,5744.7,2024-12-21,Retail,Bangalore,1566.16,Return,Valid
3752,Kids,Soccer,Mercurial Superfly,L,2,9021.79,0.04,17321.84,2024-10-07,Retail,Kolkata,2618.72,Sale,Valid
3753,Kids,Training,ZoomX Invincible,,2,9315.06,1.0,0.0,2025-03-30,Online,Hyderabad,-757.47,Sale,Valid
3754,Kids,Running,Free RN,L,3,4288.27,0.0,12864.81,2024-09-29,Online,Bangalore,828.22,Sale,Valid
3755,Women,Soccer,Phantom GT,8,4,2342.16,0.25,7026.48,2025-04-20,Retail,Mumbai,1007.0,Sale,Valid
3756,Men,Basketball,Kyrie Flytrap,XL,2,5584.225,0.0,11168.45,2024-10-01,Retail,Hyderabad,-289.63,Sale,Valid
3757,Men,Training,Metcon 7,,1,5744.7,0.0,5744.7,2024-06-12,Retail,Hyderabad,-106.88,Sale,Valid
3758,Kids,Running,Pegasus Turbo,M,3,4306.67,0.0,12920.01,2025-05-10,Retail,Delhi,-233.45,Sale,Valid
3760,Men,Basketball,Air Jordan,7,2,8313.84,0.0,16627.68,2025-05-29,Online,Kolkata,1735.58,Sale,Valid
3761,Women,Basketball,Zoom Freak,L,4,2972.38,0.14,10224.99,2024-11-18,Online,Hyderabad,2569.74,Sale,Valid
3762,Men,Lifestyle,Air Force 1,9,1,2725.1,0.0,2725.1,2025-06-07,Retail,Mumbai,-997.11,Sale,Valid
3764,Men,Lifestyle,Blazer Mid,10,2,3953.6,0.0,7907.2,2024-02-22,Online,Kolkata,528.86,Sale,Valid
3765,Kids,Running,Pegasus Turbo,M,3,5286.01,0.44,8880.5,2024-09-02,Online,Hyderabad,3376.32,Sale,Valid
3767,Kids,Training,Flex Trainer,,1,6481.055,0.2,5184.84,2025-05-08,Retail,Mumbai,-102.84,Sale,Valid
3768,Men,Soccer,Tiempo Legend,XL,2,5830.525,1.0,0.0,2024-03-10,Retail,Hyderabad,647.72,Sale,Review
3769,Women,Running,Free RN,10,1,6299.575,0.62,2393.84,2025-03-17,Retail,Bangalore,799.21,Sale,Valid
3770,Women,Running,Free RN,M,4,6299.575,0.36,16126.91,2024-02-03,Retail,Mumbai,3784.67,Sale,Valid
3771,Kids,Basketball,Kyrie Flytrap,XL,1,3388.26,0.0,3388.26,2024-09-02,Retail,Delhi,2376.36,Return,Valid
3772,Women,Soccer,Mercurial Superfly,XL,3,8140.47,0.0,24421.41,2024-11-23,Retail,Pune,3115.97,Sale,Valid
3774,Women,Soccer,Mercurial Superfly,L,2,3126.57,0.0,6253.14,2024-12-16,Retail,Hyderabad,66.02,Sale,Valid
3776,Men,Soccer,Tiempo Legend,L,2,5830.525,1.0,0.0,2024-11-12,Online,Kolkata,-1034.46,Sale,Valid
3777,Men,Training,SuperRep Go,XL,1,5587.585,0.0,5587.58,2025-06-05,Retail,Hyderabad,2781.77,Return,Valid
3778,Kids,Lifestyle,Waffle One,11,2,7248.3,0.0,14496.6,2025-05-06,Online,Kolkata,-672.15,Sale,Valid
3779,Women,Soccer,Tiempo Legend,M,2,5830.525,1.0,0.0,2024-12-17,Online,Kolkata,1073.22,Sale,Review
3781,Kids,Running,Pegasus Turbo,L,1,5286.01,0.36,3383.05,2024-02-21,Retail,Mumbai,642.3,Sale,Valid
3786,Men,Lifestyle,Air Force 1,M,2,6554.6849999999995,0.76,3146.25,2025-11-06,Retail,Kolkata,155.59,Sale,Valid
3787,Kids,Soccer,Mercurial Superfly,,2,5782.29,0.0,11564.58,2024-01-25,Retail,Bangalore,2660.28,Sale,Valid
3788,Kids,Soccer,Tiempo Legend,L,2,5830.525,0.0,11661.05,2025-05-18,Retail,Kolkata,-302.19,Sale,Valid
3789,Women,Lifestyle,Air Force 1,XL,2,2738.79,0.0,5477.58,2024-11-08,Retail,Hyderabad,863.29,Sale,Valid
3790,Men,Basketball,Air Jordan,,2,5974.92,0.0,11949.84,2025-07-13,Retail,Mumbai,-70.36,Sale,Valid
3791,Kids,Basketball,Kyrie Flytrap,L,2,5584.225,0.0,11168.45,2025-04-02,Online,Hyderabad,408.02,Sale,Valid
3792,Men,Running,Free RN,L,1,6299.575,1.0,0.0,2024-07-23,Retail,Pune,3737.69,Sale,Review
3793,Women,Running,Pegasus Turbo,,1,2749.96,0.16,2309.97,2025-01-23,Online,Hyderabad,-892.26,Sale,Valid
3794,Men,Training,Flex Trainer,XL,3,9360.87,0.0,28082.61,2025-04-18,Online,Pune,125.97,Sale,Valid
3795,Men,Soccer,Phantom GT,M,4,6012.23,1.0,0.0,2024-09-20,Retail,Hyderabad,2418.53,Sale,Review
3796,Women,Basketball,Zoom Freak,,4,6165.64,0.16,20716.55,2024-12-22,Online,Delhi,2081.43,Sale,Valid
3797,Women,Training,ZoomX Invincible,L,1,8735.51,0.13,7599.89,2025-06-25,Online,Mumbai,433.58,Sale,Valid
3798,Women,Training,SuperRep Go,L,1,3503.14,0.0,3503.14,2025-05-24,Retail,Pune,957.97,Sale,Valid
3802,Women,Running,React Infinity,XL,1,2391.13,0.0,2391.13,2024-12-16,Retail,Delhi,-489.64,Sale,Valid
3803,Men,Basketball,Zoom Freak,,3,6172.36,1.0,0.0,2025-04-26,Online,Mumbai,-659.53,Sale,Valid
3806,Women,Running,Free RN,M,1,6299.575,0.28,4535.69,2024-01-03,Retail,Bangalore,416.94,Sale,Valid
3807,Kids,Lifestyle,Dunk Low,,3,6091.98,0.0,18275.94,2025-11-05,Retail,Hyderabad,-1172.36,Sale,Valid
3809,Women,Running,Air Zoom,11,1,5548.255,0.0,5548.26,2024-02-13,Retail,Kolkata,3564.78,Return,Valid
3813,Men,Lifestyle,Waffle One,M,3,5349.78,0.0,16049.34,2025-09-05,Online,Mumbai,-921.98,Sale,Valid
3814,Kids,Lifestyle,Dunk Low,M,1,9668.47,0.0,9668.47,2024-12-25,Retail,Kolkata,3718.8,Return,Valid
3815,Women,Training,Flex Trainer,9,3,6481.055,0.0,19443.16,2025-04-16,Online,Kolkata,1224.44,Sale,Valid
3817,Kids,Basketball,Kyrie Flytrap,XL,1,5584.225,0.61,2177.85,2024-10-30,Retail,Mumbai,623.82,Return,Valid
3819,Kids,Basketball,Zoom Freak,M,3,7171.03,0.0,21513.09,2025-05-27,Retail,Kolkata,2723.0,Sale,Valid
3820,Men,Training,Flex Trainer,XL,1,6481.055,0.0,6481.06,2025-02-04,Retail,Mumbai,3505.71,Sale,Valid
3821,Women,Lifestyle,Air Force 1,L,1,7539.55,0.0,7539.55,2024-10-19,Retail,Kolkata,-17.8,Return,Valid
3824,Kids,Running,Free RN,11,1,6299.575,0.0,6299.58,2024-11-23,Retail,Hyderabad,3501.41,Sale,Valid
3825,Kids,Basketball,LeBron 20,,2,6630.92,0.63,4906.88,2025-04-01,Retail,Kolkata,3290.66,Sale,Valid
3826,Men,Lifestyle,Waffle One,XL,2,6598.54,0.0,13197.08,2024-08-10,Retail,Mumbai,314.9,Sale,Valid
3828,Men,Basketball,Air Jordan,XL,2,3208.18,0.0,6416.36,2024-12-20,Retail,Hyderabad,103.08,Sale,Valid
3829,Kids,Running,Air Zoom,L,1,5000.96,0.0,5000.96,2025-06-24,Online,Mumbai,2507.54,Sale,Valid
3830,Kids,Soccer,Phantom GT,L,2,3664.1,0.0,7328.2,2024-09-04,Retail,Hyderabad,3188.23,Sale,Valid
3832,Men,Basketball,Kyrie Flytrap,L,2,3928.02,0.0,7856.04,2025-05-28,Retail,Kolkata,3445.25,Sale,Valid
3833,Men,Soccer,Phantom GT,,2,5312.88,0.0,10625.76,2025-02-26,Retail,Kolkata,146.06,Sale,Valid
3834,Kids,Lifestyle,Dunk Low,XL,2,9190.55,1.0,0.0,2025-03-23,Retail,Delhi,3199.75,Sale,Review
3837,Women,Soccer,Tiempo Legend,11,2,7490.57,0.99,149.81,2024-07-26,Retail,Bangalore,1006.53,Sale,Review
3838,Women,Soccer,Mercurial Superfly,XL,2,4262.63,0.52,4092.12,2025-05-04,Retail,Delhi,373.65,Sale,Valid
3842,Men,Soccer,Tiempo Legend,M,1,5830.525,1.0,0.0,2024-09-14,Retail,Mumbai,3506.47,Return,Review
3844,Women,Training,Metcon 7,M,1,5744.7,0.32,3906.4,2024-08-29,Online,Mumbai,1073.8,Sale,Valid
3846,Women,Lifestyle,Air Force 1,6,2,8357.96,0.28,12035.46,2024-08-31,Retail,Bangalore,-306.33,Sale,Valid
3847,Men,Basketball,Kyrie Flytrap,M,2,5605.99,0.0,11211.98,2024-09-10,Retail,Delhi,2415.33,Sale,Valid
3848,Kids,Basketball,Air Jordan,L,2,9250.25,1.0,0.0,2025-11-07,Online,Bangalore,-945.78,Sale,Valid
3850,Women,Training,SuperRep Go,,1,5587.585,0.0,5587.58,2025-06-16,Retail,Delhi,142.55,Sale,Valid
3852,Men,Lifestyle,Air Force 1,,1,7834.8,0.0,7834.8,2024-10-17,Online,Kolkata,2786.52,Sale,Valid
3855,Kids,Basketball,LeBron 20,M,2,7104.38,0.05,13498.32,2025-01-31,Retail,Delhi,-407.89,Sale,Valid
3857,Women,Soccer,Mercurial Superfly,,2,8490.02,0.96,679.2,2024-09-04,Online,Kolkata,1916.37,Sale,Review
3858,Kids,Lifestyle,Waffle One,L,2,5349.78,0.87,1390.94,2024-09-07,Online,Bangalore,-485.83,Sale,Valid
3859,Kids,Lifestyle,Blazer Mid,M,3,5786.02,0.0,17358.06,2024-11-20,Retail,Mumbai,2907.33,Sale,Valid
3860,Men,Basketball,LeBron 20,7,3,6630.92,0.0,19892.76,2025-04-04,Online,Mumbai,3441.46,Sale,Valid
3862,Kids,Lifestyle,Dunk Low,L,1,6091.98,0.61,2375.87,2023-11-17,Online,Delhi,3454.42,Sale,Review
3863,Women,Training,Flex Trainer,XL,1,6358.33,0.0,6358.33,2025-06-28,Retail,Hyderabad,290.35,Sale,Valid
3864,Women,Training,SuperRep Go,7,1,5587.585,0.0,5587.58,2025-05-01,Retail,Delhi,2972.96,Sale,Valid
3866,Women,Basketball,LeBron 20,,3,6630.92,0.64,7161.39,2025-02-14,Retail,Kolkata,2985.34,Sale,Valid
3867,Kids,Lifestyle,Waffle One,XL,2,5349.78,0.0,10699.56,2024-10-04,Online,Bangalore,3405.94,Sale,Valid
3870,Women,Training,ZoomX Invincible,M,1,6944.2,0.0,6944.2,2025-05-17,Online,Hyderabad,764.21,Sale,Valid
3871,Women,Training,SuperRep Go,XL,3,5587.585,0.0,16762.76,2024-09-17,Retail,Delhi,1773.99,Sale,Valid
3874,Women,Basketball,LeBron 20,XL,4,3305.6,0.7,3966.72,2024-08-27,Online,Kolkata,1605.13,Sale,Valid
3876,Men,Soccer,Phantom GT,XL,1,4310.9,0.0,4310.9,2024-12-24,Retail,Hyderabad,3835.88,Return,Valid
3877,Men,Training,SuperRep Go,,1,5587.585,0.0,5587.58,2025-03-18,Online,Delhi,2594.37,Sale,Valid
3878,Men,Running,Air Zoom,XL,1,3224.56,0.0,3224.56,2024-08-13,Retail,Kolkata,2178.22,Sale,Valid
3883,Kids,Soccer,Premier III,M,2,8737.43,0.0,17474.86,2025-05-10,Retail,Delhi,-1174.75,Sale,Valid
3885,Men,Training,Metcon 7,XL,2,5744.7,0.0,11489.4,2024-11-10,Online,Bangalore,-512.97,Sale,Valid
3886,Kids,Basketball,Kyrie Flytrap,8,2,4967.69,0.0,9935.38,2025-01-16,Retail,Delhi,-136.16,Sale,Valid
3887,Women,Basketball,Zoom Freak,10,4,6172.36,0.0,24689.44,2025-07-06,Online,Mumbai,3824.51,Sale,Valid
3888,Kids,Training,ZoomX Invincible,,1,3737.67,0.0,3737.67,2024-12-30,Online,Mumbai,-341.37,Sale,Valid
3889,Kids,Soccer,Phantom GT,,2,8925.29,0.05,16958.05,2024-07-24,Online,Kolkata,-407.63,Sale,Valid
3890,Women,Training,ZoomX Invincible,XL,1,4392.78,0.0,4392.78,2025-01-10,Online,Delhi,676.44,Sale,Valid
3893,Men,Basketball,Air Jordan,,2,5974.92,1.0,0.0,2025-07-13,Retail,Delhi,2784.1,Sale,Review
3894,Women,Soccer,Premier III,11,1,5255.98,1.0,0.0,2024-06-08,Online,Pune,-1067.96,Return,Valid
3895,Men,Soccer,Tiempo Legend,XL,1,5830.525,0.0,5830.52,2025-02-15,Online,Hyderabad,366.35,Return,Valid
3898,Men,Basketball,LeBron 20,L,1,6630.92,0.07,6166.76,2025-02-27,Retail,Hyderabad,1353.92,Sale,Valid
3900,Men,Basketball,Zoom Freak,M,3,9599.44,0.0,28798.32,2024-01-11,Retail,Delhi,-553.3,Sale,Valid
3901,Men,Running,Air Zoom,XL,1,5548.255,0.12,4882.46,2025-04-30,Retail,Mumbai,1461.25,Sale,Valid
3902,Men,Running,Pegasus Turbo,XL,1,5286.01,0.85,792.9,2025-02-01,Online,Kolkata,3175.54,Sale,Review
3904,Kids,Soccer,Phantom GT,L,2,7775.87,0.0,15551.74,2025-05-28,Retail,Bangalore,1143.11,Sale,Valid
3905,Women,Soccer,Tiempo Legend,7,2,5830.525,0.0,11661.05,2024-10-12,Retail,Kolkata,3926.59,Sale,Valid
3906,Men,Lifestyle,Dunk Low,XL,4,7588.77,0.14,26105.37,2024-09-04,Online,Hyderabad,3435.73,Sale,Valid
3910,Men,Basketball,Zoom Freak,XL,2,2913.15,0.0,5826.3,2025-03-13,Online,Pune,1834.09,Sale,Valid
3911,Men,Soccer,Premier III,M,1,5598.98,0.0,5598.98,2025-05-07,Retail,Mumbai,3070.67,Sale,Valid
3912,Kids,Basketball,LeBron 20,L,1,6977.03,0.0,6977.03,2025-05-31,Online,Pune,-670.41,Return,Valid
3913,Kids,Training,ZoomX Invincible,XL,1,5255.09,0.0,5255.09,2024-06-12,Retail,Delhi,2941.84,Sale,Valid
3914,Kids,Soccer,Tiempo Legend,XL,2,5830.525,0.0,11661.05,2024-10-29,Retail,Delhi,1253.02,Sale,Valid
3915,Men,Running,Free RN,M,2,7962.36,0.0,15924.72,2025-12-03,Online,Pune,3067.47,Sale,Valid
3920,Women,Running,Air Zoom,L,1,5540.68,0.0,5540.68,2025-06-09,Online,Pune,1252.12,Sale,Valid
3921,Kids,Lifestyle,Blazer Mid,L,2,5786.02,0.0,11572.04,2025-05-23,Retail,Hyderabad,3939.3,Sale,Valid
3924,Women,Running,Pegasus Turbo,L,1,4809.5,0.0,4809.5,2024-03-26,Online,Kolkata,3090.67,Sale,Valid
3925,Kids,Basketball,LeBron 20,M,2,6630.92,0.23,10211.62,2025-04-19,Retail,Hyderabad,36.04,Sale,Valid
3926,Men,Lifestyle,Dunk Low,XL,2,4791.86,0.0,9583.72,2024-11-08,Online,Mumbai,2972.86,Sale,Valid
3927,Women,Soccer,Premier III,L,2,6060.035,0.0,12120.07,2025-04-10,Retail,Bangalore,999.67,Sale,Valid
3929,Kids,Running,Free RN,,1,4199.97,0.9,420.0,2025-05-14,Retail,Mumbai,-861.44,Sale,Valid
3930,Men,Soccer,Phantom GT,7,2,3606.77,0.0,7213.54,2025-02-08,Retail,Mumbai,3624.68,Sale,Valid
3932,Kids,Training,SuperRep Go,L,4,4520.97,0.54,8318.58,2025-06-10,Retail,Bangalore,1289.36,Sale,Valid
3933,Men,Training,SuperRep Go,XL,4,5587.585,0.0,22350.34,2025-01-25,Online,Pune,1348.54,Sale,Valid
3935,Women,Running,React Infinity,M,1,6346.35,0.0,6346.35,2025-07-22,Retail,Pune,-833.94,Sale,Valid
3936,Kids,Lifestyle,Blazer Mid,M,3,3544.33,0.0,10632.99,2023-07-28,Retail,Pune,1983.5,Sale,Valid
3937,Women,Running,React Infinity,M,1,9550.19,0.0,9550.19,2024-07-12,Online,Hyderabad,-638.36,Sale,Valid
3939,Women,Training,ZoomX Invincible,M,1,6424.68,0.0,6424.68,2025-01-22,Online,Bangalore,2219.59,Sale,Valid
3940,Kids,Running,React Infinity,11,1,6346.35,0.0,6346.35,2024-12-30,Online,Hyderabad,491.15,Sale,Valid
3942,Men,Lifestyle,Blazer Mid,M,1,3283.25,0.0,3283.25,2024-04-27,Online,Delhi,-938.81,Sale,Valid
3944,Men,Training,Metcon 7,,1,5744.7,0.04,5514.91,2024-10-12,Online,Bangalore,-151.58,Sale,Valid
3946,Men,Training,SuperRep Go,,1,5587.585,0.0,5587.58,2024-08-23,Retail,Kolkata,3250.78,Return,Valid
3947,Men,Training,SuperRep Go,,2,5587.585,0.0,11175.17,2024-07-29,Retail,Kolkata,3354.76,Sale,Valid
3950,Kids,Running,React Infinity,XL,1,3474.66,0.0,3474.66,2025-02-07,Online,Kolkata,474.81,Sale,Valid
3951,Women,Soccer,Mercurial Superfly,,2,6769.465,0.0,13538.93,2024-12-31,Online,Delhi,1982.85,Sale,Valid
3952,Women,Soccer,Mercurial Superfly,12,2,6769.465,0.83,2301.62,2025-06-29,Online,Mumbai,3142.6,Sale,Review
3953,Women,Basketball,Air Jordan,XL,2,5974.92,0.0,11949.84,2025-01-14,Retail,Delhi,2004.93,Sale,Valid
3955,Kids,Training,SuperRep Go,XL,3,5587.585,0.0,16762.76,2025-01-16,Retail,Pune,1798.76,Sale,Valid
3956,Women,Lifestyle,Air Force 1,,2,6554.6849999999995,0.0,13109.37,2025-06-03,Online,Hyderabad,2842.28,Sale,Valid
3957,Men,Lifestyle,Waffle One,XL,2,2113.01,1.0,0.0,2025-06-26,Online,Hyderabad,2404.92,Sale,Review
3958,Women,Lifestyle,Dunk Low,,4,8614.93,0.0,34459.72,2024-03-23,Retail,Kolkata,-312.44,Sale,Valid
3959,Kids,Lifestyle,Dunk Low,M,4,6091.98,0.0,24367.92,2025-12-01,Retail,Mumbai,2494.96,Sale,Valid
3960,Women,Lifestyle,Dunk Low,9,2,2451.47,0.0,4902.94,2025-06-22,Retail,Mumbai,1850.9,Sale,Valid
3961,Kids,Lifestyle,Waffle One,,2,3369.14,0.0,6738.28,2025-03-28,Online,Hyderabad,3888.52,Sale,Valid
3964,Women,Training,ZoomX Invincible,XL,1,6424.68,0.0,6424.68,2025-01-03,Retail,Kolkata,117.6,Return,Valid
3968,Kids,Lifestyle,Waffle One,M,2,8141.77,0.0,16283.54,2024-05-12,Retail,Bangalore,774.01,Sale,Valid
3969,Women,Lifestyle,Waffle One,XL,2,7922.86,0.0,15845.72,2023-08-04,Retail,Mumbai,3753.92,Sale,Valid
3971,Kids,Training,Metcon 7,6,1,5744.7,0.95,287.24,2025-11-02,Retail,Bangalore,3840.73,Sale,Review
3972,Men,Running,Pegasus Turbo,XL,1,5286.01,0.0,5286.01,2024-12-20,Retail,Bangalore,1990.32,Sale,Valid
3974,Men,Lifestyle,Dunk Low,L,4,6091.98,0.0,24367.92,2024-03-22,Retail,Delhi,97.6,Sale,Valid
3975,Women,Soccer,Tiempo Legend,M,3,5830.525,0.0,17491.57,2025-03-22,Retail,Mumbai,1293.38,Sale,Valid
3976,Men,Training,SuperRep Go,L,4,7534.51,1.0,0.0,2024-12-12,Retail,Delhi,778.13,Sale,Review
3978,Women,Training,Flex Trainer,,2,9847.52,0.0,19695.04,2024-09-11,Retail,Delhi,754.75,Sale,Valid
3979,Men,Training,ZoomX Invincible,M,3,6424.68,0.5,9637.02,2025-11-06,Online,Pune,896.9,Sale,Valid
3980,Men,Training,SuperRep Go,10,1,5587.585,0.0,5587.58,2025-07-07,Retail,Hyderabad,-223.3,Sale,Valid
3981,Men,Soccer,Premier III,L,2,4007.55,1.0,0.0,2023-12-21,Online,Delhi,90.51,Sale,Review
3982,Men,Basketball,Zoom Freak,L,2,8006.71,0.0,16013.42,2024-10-16,Online,Bangalore,1486.86,Sale,Valid
3986,Kids,Running,Air Zoom,L,1,5548.255,0.0,5548.26,2024-11-10,Retail,Mumbai,681.84,Sale,Valid
3987,Kids,Basketball,Zoom Freak,L,2,6172.36,0.0,12344.72,2024-08-18,Retail,Hyderabad,3908.61,Sale,Valid
3988,Kids,Lifestyle,Blazer Mid,M,4,7945.46,0.67,10488.01,2024-10-10,Online,Pune,3698.62,Sale,Valid
3989,Men,Training,Metcon 7,L,1,5744.7,0.0,5744.7,2024-10-20,Online,Bangalore,1005.26,Return,Valid
3992,Men,Lifestyle,Dunk Low,XL,1,4431.62,0.0,4431.62,2025-01-13,Online,Pune,-907.76,Return,Valid
3993,Kids,Lifestyle,Blazer Mid,7,1,5786.02,0.0,5786.02,2025-04-25,Retail,Hyderabad,1060.98,Return,Valid
3994,Kids,Basketball,Air Jordan,,4,5974.92,0.0,23899.68,2025-04-12,Retail,Bangalore,-97.39,Sale,Valid
3997,Women,Lifestyle,Waffle One,M,4,5349.78,0.0,21399.12,2024-01-24,Retail,Hyderabad,-484.62,Sale,Valid
3999,Kids,Lifestyle,Blazer Mid,7,2,5786.02,0.27,8447.59,2024-09-16,Online,Kolkata,1484.61,Sale,Valid
4000,Women,Basketball,Air Jordan,M,1,5974.92,0.11,5317.68,2025-01-09,Retail,Kolkata,309.79,Return,Valid
4002,Kids,Soccer,Mercurial Superfly,M,2,6056.88,0.0,12113.76,2024-03-11,Retail,Mumbai,2114.03,Sale,Valid
4003,Men,Lifestyle,Air Force 1,L,2,7165.28,1.0,0.0,2025-03-02,Retail,Mumbai,839.48,Sale,Review
4004,Men,Basketball,Air Jordan,XL,2,5974.92,0.06,11232.85,2025-04-14,Retail,Delhi,-748.58,Sale,Valid
4005,Kids,Training,Metcon 7,M,1,3730.58,0.0,3730.58,2024-11-30,Online,Delhi,1784.38,Sale,Valid
4008,Men,Basketball,LeBron 20,9,3,7737.27,0.07,21586.98,2023-12-15,Retail,Hyderabad,180.31,Sale,Valid
4009,Kids,Basketball,Zoom Freak,M,2,6172.36,0.0,12344.72,2024-03-30,Retail,Mumbai,-737.91,Sale,Valid
4011,Women,Running,Air Zoom,M,4,4909.56,0.0,19638.24,2025-07-04,Retail,Bangalore,2934.53,Sale,Valid
4012,Men,Basketball,Zoom Freak,,2,5879.06,0.47,6231.8,2025-05-28,Retail,Hyderabad,2129.44,Sale,Valid
4013,Women,Basketball,LeBron 20,10,2,3794.99,0.0,7589.98,2025-07-04,Online,Hyderabad,1398.9,Sale,Valid
4014,Kids,Running,Air Zoom,L,1,5548.255,0.0,5548.26,2024-08-04,Retail,Hyderabad,563.6,Sale,Valid
4015,Men,Lifestyle,Air Force 1,L,4,5505.76,0.0,22023.04,2025-07-05,Online,Bangalore,1194.93,Sale,Valid
4017,Kids,Training,Metcon 7,XL,1,9229.7,0.0,9229.7,2025-03-20,Online,Mumbai,1178.1,Sale,Valid
4019,Women,Soccer,Tiempo Legend,10,1,5830.525,0.66,1982.38,2024-10-27,Online,Bangalore,171.8,Return,Valid
4022,Kids,Training,Metcon 7,L,1,5744.7,0.0,5744.7,2024-12-21,Online,Bangalore,2380.63,Sale,Valid
4025,Women,Basketball,Kyrie Flytrap,L,2,2265.37,0.0,4530.74,2024-06-25,Retail,Kolkata,2946.35,Sale,Valid
4028,Women,Running,Pegasus Turbo,9,3,5286.01,1.0,0.0,2025-12-01,Retail,Delhi,2568.4,Sale,Review
4029,Kids,Training,Flex Trainer,XL,1,6481.055,0.0,6481.06,2025-06-29,Retail,Bangalore,3231.16,Sale,Valid
4030,Men,Lifestyle,Waffle One,L,2,5349.78,0.0,10699.56,2025-04-28,Online,Kolkata,1865.56,Sale,Valid
4035,Women,Training,ZoomX Invincible,L,1,6424.68,0.87,835.21,2025-11-01,Retail,Delhi,2738.44,Sale,Review
4037,Women,Basketball,LeBron 20,XL,2,6630.92,0.74,3448.08,2023-08-08,Retail,Delhi,776.81,Sale,Valid
4038,Kids,Running,Pegasus Turbo,,1,5349.1,0.0,5349.1,2025-03-04,Retail,Pune,1724.16,Sale,Valid
4039,Women,Lifestyle,Air Force 1,L,2,5103.01,0.0,10206.02,2024-06-12,Online,Delhi,-134.82,Sale,Valid
4041,Men,Running,Pegasus Turbo,,2,5286.01,0.0,10572.02,2024-09-09,Online,Mumbai,3221.72,Sale,Valid
4043,Kids,Running,Air Zoom,,4,5235.22,0.51,10261.03,2025-05-28,Online,Hyderabad,3321.49,Sale,Valid
4046,Women,Running,React Infinity,L,1,5140.99,0.0,5140.99,2025-02-20,Online,Pune,999.97,Sale,Valid
4050,Women,Running,Pegasus Turbo,XL,1,3750.77,0.0,3750.77,2025-02-27,Online,Bangalore,-171.08,Sale,Valid
4051,Kids,Training,Metcon 7,,1,7986.76,0.0,7986.76,2024-10-11,Online,Hyderabad,944.54,Sale,Valid
4052,Kids,Training,Flex Trainer,L,1,6952.66,0.0,6952.66,2025-01-19,Online,Hyderabad,1624.3,Sale,Valid
4053,Women,Soccer,Phantom GT,6,2,6012.23,0.0,12024.46,2025-02-03,Retail,Pune,21.13,Sale,Valid
4054,Women,Lifestyle,Waffle One,,2,3394.38,0.75,1697.19,2024-05-09,Online,Mumbai,-401.5,Sale,Valid
4056,Kids,Running,Air Zoom,8,1,5548.255,0.0,5548.26,2024-12-13,Retail,Hyderabad,3732.77,Sale,Valid
4057,Kids,Basketball,Kyrie Flytrap,M,2,5584.225,0.0,11168.45,2023-09-22,Retail,Delhi,2575.38,Sale,Valid
4058,Kids,Basketball,Kyrie Flytrap,L,2,5584.225,0.34,7371.18,2024-11-13,Online,Delhi,153.9,Sale,Valid
4059,Kids,Basketball,Air Jordan,L,1,9700.41,1.0,0.0,2025-03-02,Retail,Delhi,1000.57,Sale,Review
4060,Women,Soccer,Tiempo Legend,L,1,8655.46,0.9,865.55,2024-08-20,Online,Pune,3159.11,Return,Review
4064,Men,Basketball,Air Jordan,L,4,5974.92,0.38,14817.8,2024-09-24,Retail,Hyderabad,587.63,Sale,Valid
4065,Women,Basketball,LeBron 20,XL,2,7881.81,0.0,15763.62,2024-12-08,Online,Pune,1067.59,Sale,Valid
4066,Kids,Running,React Infinity,L,4,6599.26,0.85,3959.56,2025-06-29,Retail,Bangalore,3344.47,Sale,Valid
4067,Men,Soccer,Mercurial Superfly,M,4,7408.31,0.0,29633.24,2025-05-17,Online,Bangalore,1974.4,Sale,Valid
4070,Kids,Basketball,Air Jordan,L,2,6966.16,0.24,10588.56,2024-10-23,Retail,Pune,2671.6,Sale,Valid
4072,Men,Soccer,Premier III,,2,6060.035,0.0,12120.07,2025-05-20,Online,Pune,3542.88,Sale,Valid
4073,Kids,Training,Flex Trainer,M,2,5732.59,0.0,11465.18,2024-11-30,Online,Kolkata,3353.3,Sale,Valid
4074,Kids,Basketball,LeBron 20,L,2,8673.78,0.0,17347.56,2024-03-28,Retail,Mumbai,-286.0,Sale,Valid
4075,Kids,Running,Free RN,XL,1,6299.575,0.0,6299.58,2025-05-30,Online,Delhi,2484.0,Return,Valid
4076,Kids,Basketball,LeBron 20,,2,6630.92,0.33,8885.43,2025-04-03,Online,Kolkata,925.71,Sale,Valid
4078,Women,Lifestyle,Air Force 1,9,2,6554.6849999999995,0.56,5768.12,2025-01-01,Online,Mumbai,2742.28,Sale,Valid
4079,Kids,Lifestyle,Waffle One,XL,2,5349.78,1.0,0.0,2024-11-21,Retail,Delhi,2083.6,Sale,Review
4080,Kids,Training,Flex Trainer,,1,8515.92,0.0,8515.92,2024-11-27,Retail,Hyderabad,255.47,Sale,Valid
4082,Kids,Soccer,Mercurial Superfly,M,2,8233.64,0.0,16467.28,2025-04-07,Retail,Bangalore,3007.26,Sale,Valid
4083,Men,Training,Flex Trainer,L,1,8711.81,0.0,8711.81,2025-03-29,Online,Bangalore,-773.05,Sale,Valid
4085,Men,Lifestyle,Dunk Low,L,4,6091.98,1.0,0.0,2025-01-21,Online,Bangalore,1897.69,Sale,Review
4086,Women,Running,Air Zoom,XL,3,4537.02,0.0,13611.06,2025-04-03,Online,Pune,-195.0,Sale,Valid
4087,Men,Basketball,LeBron 20,,2,6630.92,1.0,0.0,2024-03-13,Retail,Hyderabad,3939.54,Sale,Review
4088,Men,Training,Flex Trainer,M,2,5649.73,0.41,6666.68,2025-03-16,Retail,Mumbai,1548.1,Sale,Valid
4089,Women,Running,React Infinity,,1,6346.35,0.0,6346.35,2025-02-15,Online,Bangalore,2854.02,Sale,Valid
4090,Men,Lifestyle,Air Force 1,L,2,5109.51,0.0,10219.02,2025-06-26,Retail,Delhi,-1164.28,Sale,Valid
4092,Women,Lifestyle,Air Force 1,XL,1,9861.8,0.0,9861.8,2024-10-23,Online,Delhi,48.02,Return,Valid
4094,Kids,Soccer,Tiempo Legend,9,2,4094.79,0.0,8189.58,2025-05-18,Online,Hyderabad,2779.39,Sale,Valid
4096,Women,Soccer,Phantom GT,8,2,6012.23,0.0,12024.46,2024-04-03,Online,Pune,3865.04,Sale,Valid
4097,Men,Basketball,Kyrie Flytrap,XL,2,3443.1,0.0,6886.2,2024-09-17,Retail,Hyderabad,1928.88,Sale,Valid
4099,Women,Soccer,Tiempo Legend,,2,8864.29,0.0,17728.58,2025-03-15,Online,Pune,3616.91,Sale,Valid
4100,Men,Running,Pegasus Turbo,L,1,3315.29,0.0,3315.29,2024-03-19,Online,Delhi,1507.71,Sale,Valid
4101,Men,Soccer,Mercurial Superfly,,2,6769.465,0.0,13538.93,2024-07-10,Retail,Delhi,3064.92,Sale,Valid
4102,Men,Basketball,LeBron 20,,1,6630.92,0.0,6630.92,2025-06-20,Retail,Mumbai,1310.35,Return,Valid
4104,Kids,Basketball,Zoom Freak,11,2,6172.36,0.0,12344.72,2025-07-16,Online,Bangalore,3999.21,Sale,Valid
4105,Men,Running,Pegasus Turbo,XL,1,3489.95,0.0,3489.95,2024-05-25,Retail,Bangalore,2093.87,Sale,Valid
4107,Kids,Running,React Infinity,L,2,6346.35,0.0,12692.7,2025-04-27,Retail,Hyderabad,779.19,Sale,Valid
4108,Kids,Running,Pegasus Turbo,L,2,2767.55,0.19,4483.43,2023-11-25,Online,Kolkata,1059.07,Sale,Valid
4109,Kids,Training,SuperRep Go,12,1,9731.83,0.0,9731.83,2024-11-29,Online,Mumbai,-675.88,Sale,Valid
4110,Men,Training,Metcon 7,M,2,5744.7,0.41,6778.75,2024-08-26,Retail,Hyderabad,3387.91,Sale,Valid
4111,Women,Lifestyle,Waffle One,L,1,4934.05,0.83,838.79,2024-11-26,Retail,Bangalore,2377.84,Return,Review
4112,Women,Running,React Infinity,L,1,6254.85,0.0,6254.85,2025-04-22,Online,Delhi,2093.68,Return,Valid
4113,Kids,Basketball,Zoom Freak,L,2,6435.66,1.0,0.0,2025-12-05,Online,Bangalore,3372.49,Sale,Review
4114,Kids,Training,Metcon 7,XL,4,4307.83,0.0,17231.32,2025-07-13,Retail,Bangalore,-233.59,Sale,Valid
4115,Men,Basketball,Air Jordan,M,2,4613.79,0.0,9227.58,2025-05-14,Retail,Delhi,-758.5,Sale,Valid
4116,Women,Lifestyle,Air Force 1,9,2,3854.22,0.0,7708.44,2024-08-19,Online,Pune,-43.41,Sale,Valid
4117,Women,Basketball,Zoom Freak,M,2,9501.67,0.51,9311.64,2024-10-03,Online,Hyderabad,266.4,Sale,Valid
4118,Kids,Basketball,LeBron 20,XL,4,5355.64,0.0,21422.56,2025-05-21,Retail,Mumbai,-538.94,Sale,Valid
4119,Kids,Training,ZoomX Invincible,M,1,8849.62,0.69,2743.38,2024-08-25,Online,Mumbai,1451.15,Sale,Valid
4122,Kids,Lifestyle,Dunk Low,11,1,6091.98,0.0,6091.98,2025-06-18,Retail,Mumbai,-261.43,Sale,Valid
4124,Kids,Basketball,LeBron 20,M,1,6630.92,0.0,6630.92,2023-10-16,Online,Delhi,477.62,Sale,Valid
4126,Women,Training,SuperRep Go,10,1,5587.585,0.0,5587.58,2025-07-20,Retail,Delhi,1345.61,Sale,Valid
4127,Women,Running,Free RN,L,1,4690.15,0.49,2391.98,2024-12-21,Online,Kolkata,1331.92,Return,Valid
4129,Men,Running,Pegasus Turbo,,1,3445.62,0.24,2618.67,2025-03-02,Retail,Kolkata,-29.1,Sale,Valid
4131,Women,Running,React Infinity,L,1,2081.15,0.9,208.11,2024-11-16,Online,Bangalore,3544.31,Sale,Review
4132,Women,Lifestyle,Dunk Low,XL,2,5087.72,0.07,9463.16,2024-08-08,Online,Hyderabad,-921.97,Sale,Valid
4133,Men,Basketball,Air Jordan,L,3,4105.06,0.0,12315.18,2024-09-11,Online,Mumbai,1015.38,Sale,Valid
4135,Men,Training,SuperRep Go,,2,3860.5,0.0,7721.0,2024-10-14,Retail,Delhi,1756.3,Sale,Valid
4136,Kids,Lifestyle,Air Force 1,6,2,6554.6849999999995,0.0,13109.37,2024-11-16,Online,Delhi,-105.03,Sale,Valid
4137,Women,Basketball,LeBron 20,,2,2310.45,0.0,4620.9,2025-02-01,Retail,Hyderabad,2244.75,Sale,Valid
4138,Kids,Running,Free RN,,1,6299.575,1.0,0.0,2025-07-13,Retail,Pune,3938.78,Sale,Review
4140,Women,Running,Air Zoom,XL,1,5548.255,0.0,5548.26,2025-04-28,Online,Bangalore,3381.94,Return,Valid
4141,Men,Training,ZoomX Invincible,7,1,2406.03,0.0,2406.03,2024-12-21,Online,Bangalore,1504.9,Sale,Valid
4143,Women,Running,React Infinity,,1,6346.35,0.0,6346.35,2025-03-26,Retail,Delhi,3876.35,Sale,Valid
4146,Kids,Lifestyle,Blazer Mid,10,2,5786.02,0.0,11572.04,2023-08-27,Online,Mumbai,1217.01,Sale,Valid
4147,Men,Basketball,Zoom Freak,L,1,7659.09,0.0,7659.09,2024-11-26,Online,Delhi,106.35,Sale,Valid
4148,Kids,Soccer,Phantom GT,7,3,5943.25,0.0,17829.75,2025-07-18,Retail,Pune,-900.4,Sale,Valid
4149,Women,Training,SuperRep Go,10,4,5716.52,0.0,22866.08,2024-09-14,Retail,Pune,274.76,Sale,Valid
4150,Men,Basketball,Zoom Freak,11,2,6172.36,0.81,2345.5,2024-12-17,Retail,Pune,3076.73,Sale,Review
4151,Kids,Training,Metcon 7,M,1,7282.99,0.05,6918.84,2024-10-10,Retail,Kolkata,871.53,Sale,Valid
4152,Men,Basketball,Kyrie Flytrap,XL,1,5584.225,0.0,5584.22,2024-08-07,Online,Mumbai,1011.99,Sale,Valid
4153,Women,Running,Pegasus Turbo,,2,5286.01,0.0,10572.02,2025-02-13,Retail,Kolkata,2255.74,Sale,Valid
4156,Men,Running,React Infinity,M,1,7417.67,0.0,7417.67,2024-05-20,Online,Mumbai,203.96,Sale,Valid
4157,Men,Basketball,Zoom Freak,XL,3,6172.36,0.0,18517.08,2025-07-09,Retail,Delhi,-699.76,Sale,Valid
4158,Women,Lifestyle,Blazer Mid,L,2,5786.02,0.0,11572.04,2024-08-18,Online,Hyderabad,3155.41,Sale,Valid
4161,Men,Running,Air Zoom,L,1,5548.255,0.4,3328.95,2025-04-16,Online,Kolkata,1864.83,Sale,Valid
4163,Men,Training,SuperRep Go,L,1,5587.585,0.0,5587.58,2024-09-12,Retail,Hyderabad,1942.39,Sale,Valid
4165,Women,Training,SuperRep Go,XL,1,5587.585,0.26,4134.81,2024-11-20,Online,Bangalore,2194.38,Sale,Valid
4168,Kids,Running,Free RN,10,4,6299.575,0.0,25198.3,2024-06-09,Retail,Mumbai,3282.84,Sale,Valid
4170,Men,Lifestyle,Blazer Mid,XL,2,3297.7,1.0,0.0,2024-08-15,Online,Bangalore,1678.19,Sale,Review
4171,Men,Running,React Infinity,M,1,9303.8,0.0,9303.8,2024-12-21,Retail,Delhi,-1107.26,Sale,Valid
4172,Women,Soccer,Mercurial Superfly,L,1,6769.465,0.0,6769.46,2025-01-21,Retail,Bangalore,155.61,Sale,Valid
4174,Women,Soccer,Tiempo Legend,XL,2,5830.525,0.0,11661.05,2025-08-03,Retail,Kolkata,-869.37,Sale,Valid
4176,Women,Training,ZoomX Invincible,M,1,6424.68,0.0,6424.68,2023-09-02,Retail,Hyderabad,2254.67,Sale,Valid
4178,Men,Basketball,Air Jordan,L,2,5974.92,0.0,11949.84,2024-08-26,Retail,Hyderabad,302.75,Sale,Valid
4179,Women,Running,React Infinity,XL,1,6633.14,0.0,6633.14,2025-01-06,Retail,Mumbai,1048.63,Sale,Valid
4180,Men,Running,Pegasus Turbo,M,1,5286.01,0.0,5286.01,2025-06-04,Retail,Kolkata,500.23,Sale,Valid
4181,Women,Running,Free RN,M,3,6299.575,0.0,18898.72,2025-04-05,Retail,Delhi,-564.63,Sale,Valid
4182,Men,Lifestyle,Dunk Low,XL,1,9335.57,0.0,9335.57,2024-02-12,Retail,Mumbai,1135.38,Sale,Valid
4183,Men,Lifestyle,Air Force 1,11,2,8647.63,0.0,17295.26,2025-03-23,Retail,Pune,-443.83,Sale,Valid
4185,Women,Training,ZoomX Invincible,6,3,6424.68,0.0,19274.04,2025-02-01,Online,Hyderabad,2562.05,Sale,Valid
4186,Men,Basketball,LeBron 20,XL,2,9872.08,0.17,16387.65,2025-03-10,Online,Bangalore,409.77,Sale,Valid
4191,Men,Running,React Infinity,M,1,6346.35,0.0,6346.35,2024-07-22,Online,Pune,671.86,Sale,Valid
4192,Men,Lifestyle,Waffle One,,2,3339.95,1.0,0.0,2025-05-26,Retail,Delhi,642.55,Sale,Review
4193,Kids,Basketball,Kyrie Flytrap,XL,1,5584.225,0.0,5584.22,2024-04-12,Online,Mumbai,1192.66,Sale,Valid
4194,Kids,Running,React Infinity,L,1,6346.35,0.0,6346.35,2024-10-28,Retail,Delhi,-759.55,Sale,Valid
4195,Kids,Training,Metcon 7,L,1,6317.4,0.0,6317.4,2023-09-23,Retail,Mumbai,-746.03,Sale,Valid
4199,Women,Running,Free RN,,1,6299.575,0.0,6299.58,2025-05-25,Online,Hyderabad,-731.89,Sale,Valid
4201,Kids,Running,React Infinity,L,3,6346.35,0.0,19039.05,2025-05-09,Retail,Kolkata,1412.54,Sale,Valid
4202,Men,Training,SuperRep Go,L,4,4996.25,0.0,19985.0,2025-05-16,Online,Pune,299.85,Sale,Valid
4204,Kids,Lifestyle,Waffle One,,2,7265.47,0.0,14530.94,2025-04-16,Online,Pune,1589.71,Sale,Valid
4205,Kids,Lifestyle,Waffle One,XL,2,5349.78,0.0,10699.56,2024-10-13,Online,Mumbai,2333.09,Sale,Valid
4206,Kids,Basketball,Kyrie Flytrap,,2,5584.225,0.0,11168.45,2024-07-11,Online,Bangalore,943.16,Sale,Valid
4207,Women,Basketball,Air Jordan,L,2,5974.92,0.0,11949.84,2024-11-15,Retail,Hyderabad,2063.27,Sale,Valid
4208,Kids,Running,React Infinity,,1,6346.35,0.0,6346.35,2025-04-08,Retail,Pune,-942.96,Sale,Valid
4209,Women,Running,Air Zoom,M,1,5548.255,0.0,5548.26,2023-12-03,Online,Kolkata,3222.58,Sale,Valid
4212,Men,Running,React Infinity,XL,3,6346.35,0.9,1903.9,2023-07-29,Online,Kolkata,3556.86,Sale,Review
4214,Men,Training,SuperRep Go,,1,5587.585,0.0,5587.58,2024-11-08,Retail,Pune,1393.11,Sale,Valid
4215,Men,Training,Flex Trainer,XL,3,7213.51,0.0,21640.53,2025-07-13,Online,Kolkata,960.82,Sale,Valid
4216,Kids,Lifestyle,Waffle One,M,1,4989.15,0.0,4989.15,2025-02-23,Online,Delhi,3445.94,Return,Valid
4217,Men,Soccer,Tiempo Legend,12,2,3080.23,0.22,4805.16,2025-05-08,Online,Delhi,-950.13,Sale,Valid
4218,Kids,Running,Free RN,10,1,6296.17,0.0,6296.17,2025-11-02,Online,Bangalore,3435.85,Sale,Valid
4220,Kids,Lifestyle,Dunk Low,M,2,2290.64,0.84,733.0,2025-01-31,Retail,Delhi,608.16,Sale,Valid
4223,Kids,Soccer,Mercurial Superfly,L,1,6769.465,0.31,4670.93,2025-02-04,Retail,Bangalore,-1152.37,Sale,Valid
4224,Kids,Training,ZoomX Invincible,,1,6424.68,0.58,2698.37,2024-10-10,Online,Hyderabad,2541.07,Sale,Valid
4225,Kids,Running,Free RN,XL,1,2941.85,1.0,0.0,2025-01-05,Online,Delhi,2776.82,Sale,Review
4226,Women,Lifestyle,Waffle One,,1,5349.78,0.0,5349.78,2025-01-17,Online,Delhi,2918.69,Return,Valid
4227,Kids,Training,Metcon 7,L,1,5744.7,0.0,5744.7,2024-12-17,Retail,Mumbai,110.91,Sale,Valid
4228,Kids,Training,SuperRep Go,L,3,5587.585,0.0,16762.76,2025-05-12,Retail,Kolkata,-448.12,Sale,Valid
4229,Kids,Running,Free RN,XL,4,6299.575,0.0,25198.3,2025-06-20,Online,Pune,3470.61,Sale,Valid
4230,Kids,Lifestyle,Waffle One,L,2,5349.78,0.0,10699.56,2024-08-15,Retail,Hyderabad,-1193.85,Sale,Valid
4231,Kids,Lifestyle,Blazer Mid,XL,2,6652.23,1.0,0.0,2024-01-08,Online,Pune,-780.66,Sale,Valid
4235,Kids,Basketball,Zoom Freak,,4,3417.98,0.0,13671.92,2025-04-18,Online,Bangalore,2112.47,Sale,Valid
4237,Men,Basketball,LeBron 20,L,1,6630.92,0.0,6630.92,2025-02-15,Online,Delhi,572.58,Sale,Valid
4238,Men,Soccer,Phantom GT,XL,2,6489.35,0.0,12978.7,2024-12-14,Online,Hyderabad,-321.44,Sale,Valid
4239,Men,Running,Air Zoom,,1,5548.255,1.0,0.0,2023-09-08,Online,Kolkata,-828.71,Sale,Valid
4240,Men,Running,Air Zoom,M,1,5548.255,0.0,5548.26,2025-04-06,Retail,Bangalore,1091.85,Sale,Valid
4241,Women,Basketball,LeBron 20,M,2,6630.92,0.0,13261.84,2024-10-29,Retail,Delhi,3890.05,Sale,Valid
4242,Kids,Basketball,Kyrie Flytrap,,2,3507.12,0.0,7014.24,2025-09-01,Retail,Mumbai,2217.09,Sale,Valid
4245,Kids,Basketball,Zoom Freak,M,3,6172.36,0.17,15369.18,2024-12-12,Online,Delhi,2445.12,Sale,Valid
4246,Men,Running,Pegasus Turbo,L,1,3576.04,0.0,3576.04,2025-01-10,Retail,Mumbai,3581.39,Sale,Review
4247,Kids,Training,Flex Trainer,M,1,6481.055,0.69,2009.13,2025-02-26,Retail,Kolkata,1585.72,Sale,Valid
4249,Kids,Training,Flex Trainer,L,1,2902.95,0.6,1161.18,2024-10-11,Retail,Bangalore,-855.08,Sale,Valid
4250,Women,Basketball,Air Jordan,11,2,5974.92,0.0,11949.84,2025-01-16,Online,Kolkata,2005.64,Sale,Valid
4251,Kids,Basketball,LeBron 20,M,1,6630.92,0.59,2718.68,2024-01-07,Retail,Mumbai,354.2,Sale,Valid
4252,Kids,Training,SuperRep Go,L,1,5587.585,1.0,0.0,2024-06-08,Online,Hyderabad,2633.21,Sale,Review
4256,Women,Soccer,Tiempo Legend,XL,4,5830.525,0.52,11194.61,2024-12-18,Online,Hyderabad,-782.15,Sale,Valid
4257,Women,Training,Metcon 7,,1,5462.8,0.99,54.63,2024-08-14,Online,Kolkata,-1144.93,Sale,Valid
4258,Kids,Lifestyle,Dunk Low,L,1,4189.36,0.0,4189.36,2024-06-10,Retail,Pune,1276.34,Return,Valid
4259,Men,Lifestyle,Air Force 1,L,2,6554.6849999999995,0.35,8521.09,2023-09-22,Retail,Bangalore,3351.25,Sale,Valid
4263,Men,Running,React Infinity,,3,4641.58,0.0,13924.74,2025-06-30,Retail,Delhi,2049.32,Sale,Valid
4264,Kids,Lifestyle,Air Force 1,M,1,6012.55,0.0,6012.55,2024-01-11,Online,Delhi,783.79,Return,Valid
4265,Kids,Training,Flex Trainer,M,1,6481.055,0.0,6481.06,2024-02-08,Online,Kolkata,1852.59,Sale,Valid
4266,Men,Lifestyle,Waffle One,XL,3,5349.78,0.0,16049.34,2025-07-04,Online,Mumbai,-898.11,Sale,Valid
4270,Kids,Soccer,Tiempo Legend,L,2,5830.525,0.0,11661.05,2025-01-01,Online,Bangalore,679.64,Sale,Valid
4271,Kids,Lifestyle,Waffle One,XL,2,4426.69,0.52,4249.62,2025-01-13,Online,Bangalore,-389.08,Sale,Valid
4272,Women,Basketball,Air Jordan,10,2,4529.52,0.0,9059.04,2025-06-23,Online,Mumbai,2722.9,Sale,Valid
4273,Kids,Soccer,Phantom GT,7,3,3407.16,0.0,10221.48,2025-01-20,Retail,Mumbai,1161.05,Sale,Valid
4274,Men,Basketball,Kyrie Flytrap,XL,2,5584.225,0.0,11168.45,2025-04-27,Online,Mumbai,1957.94,Sale,Valid
4276,Men,Basketball,Kyrie Flytrap,11,3,5584.225,0.0,16752.68,2025-02-05,Retail,Bangalore,-1109.4,Sale,Valid
4277,Women,Soccer,Phantom GT,11,2,6924.77,0.0,13849.54,2024-10-03,Online,Bangalore,555.86,Sale,Valid
4279,Men,Training,ZoomX Invincible,XL,1,6424.68,0.0,6424.68,2025-04-30,Retail,Pune,1724.71,Sale,Valid
4280,Women,Soccer,Phantom GT,M,2,6012.23,0.45,6613.45,2024-11-08,Retail,Kolkata,3800.29,Sale,Valid
4282,Men,Soccer,Phantom GT,,2,2670.28,0.0,5340.56,2025-03-20,Online,Pune,2334.23,Sale,Valid
4283,Men,Training,ZoomX Invincible,M,1,9649.36,0.95,482.47,2025-02-26,Retail,Bangalore,1158.69,Sale,Review
4284,Men,Running,Air Zoom,,1,2953.43,0.1,2658.09,2024-05-15,Retail,Delhi,2708.4,Sale,Review
4285,Kids,Lifestyle,Waffle One,,4,5349.78,0.0,21399.12,2024-11-28,Retail,Pune,3380.53,Sale,Valid
4286,Kids,Soccer,Tiempo Legend,L,2,5385.78,0.0,10771.56,2025-06-08,Online,Kolkata,840.25,Sale,Valid
4288,Kids,Basketball,Air Jordan,,2,6754.13,0.0,13508.26,2024-09-24,Online,Hyderabad,3737.27,Sale,Valid
4290,Kids,Lifestyle,Blazer Mid,,1,5786.02,0.0,5786.02,2025-01-25,Retail,Kolkata,698.53,Return,Valid
4292,Men,Training,ZoomX Invincible,L,2,6424.68,0.23,9894.01,2024-11-24,Online,Delhi,1328.75,Sale,Valid
4294,Women,Soccer,Premier III,,2,5238.91,0.0,10477.82,2025-01-16,Online,Kolkata,1217.07,Sale,Valid
4295,Women,Basketball,Air Jordan,10,4,4469.12,0.0,17876.48,2025-03-15,Retail,Mumbai,-1033.41,Sale,Valid
4297,Women,Running,React Infinity,L,1,6346.35,0.0,6346.35,2025-06-03,Online,Kolkata,1123.18,Sale,Valid
4298,Men,Running,React Infinity,,4,6346.35,0.37,15992.8,2024-08-13,Online,Mumbai,1574.59,Sale,Valid
4299,Kids,Running,Free RN,,1,6299.575,0.0,6299.58,2025-06-14,Online,Pune,3967.64,Sale,Valid
4300,Kids,Basketball,Zoom Freak,,2,6172.36,0.0,12344.72,2024-12-27,Online,Kolkata,1868.82,Sale,Valid
4302,Kids,Training,Flex Trainer,11,1,6481.055,0.0,6481.06,2025-06-03,Retail,Pune,3813.44,Sale,Valid
4303,Men,Soccer,Phantom GT,L,2,7587.07,0.0,15174.14,2024-07-21,Online,Bangalore,-1131.99,Sale,Valid
4304,Kids,Basketball,Kyrie Flytrap,L,2,4877.24,0.0,9754.48,2024-07-07,Retail,Hyderabad,2692.2,Sale,Valid
4305,Women,Lifestyle,Waffle One,M,2,2270.57,0.0,4541.14,2024-07-12,Retail,Bangalore,-331.09,Sale,Valid
4306,Kids,Basketball,Air Jordan,M,2,5974.92,0.0,11949.84,2024-09-21,Retail,Bangalore,867.77,Sale,Valid
4308,Men,Basketball,LeBron 20,XL,2,6630.92,0.21,10476.85,2025-05-06,Retail,Pune,982.03,Sale,Valid
4311,Men,Training,SuperRep Go,L,3,5587.585,0.46,9051.89,2023-08-16,Retail,Bangalore,2595.51,Sale,Valid
4314,Kids,Lifestyle,Blazer Mid,,4,8823.88,0.0,35295.52,2025-07-22,Online,Hyderabad,573.58,Sale,Valid
4315,Women,Lifestyle,Dunk Low,M,4,4080.51,0.0,16322.04,2024-03-04,Retail,Pune,3322.21,Sale,Valid
4316,Men,Running,React Infinity,XL,1,6346.35,0.0,6346.35,2024-01-04,Retail,Hyderabad,405.43,Sale,Valid
4317,Kids,Lifestyle,Blazer Mid,L,2,9623.53,0.0,19247.06,2024-10-15,Retail,Bangalore,-448.89,Sale,Valid
4318,Women,Basketball,Kyrie Flytrap,11,1,5584.225,0.0,5584.22,2024-10-16,Retail,Kolkata,883.91,Return,Valid
4320,Women,Training,SuperRep Go,11,1,5587.585,0.0,5587.58,2024-09-27,Online,Delhi,1848.29,Sale,Valid
4321,Kids,Running,Free RN,XL,1,6646.84,0.0,6646.84,2024-01-15,Online,Mumbai,2210.19,Sale,Valid
4322,Women,Lifestyle,Waffle One,M,2,5349.78,0.0,10699.56,2025-01-20,Online,Mumbai,1939.05,Sale,Valid
4323,Men,Lifestyle,Air Force 1,M,2,8526.42,1.0,0.0,2024-10-26,Retail,Delhi,3573.83,Sale,Review
4325,Men,Basketball,Zoom Freak,L,2,6172.36,0.0,12344.72,2025-01-15,Retail,Bangalore,-402.21,Sale,Valid
4327,Men,Training,SuperRep Go,,1,6348.4,0.0,6348.4,2024-12-15,Retail,Pune,1249.15,Return,Valid
4328,Men,Basketball,Zoom Freak,,2,3943.71,0.0,7887.42,2025-04-29,Online,Hyderabad,2631.07,Sale,Valid
4330,Kids,Lifestyle,Air Force 1,M,1,4087.76,0.0,4087.76,2025-07-17,Retail,Bangalore,-831.23,Sale,Valid
4331,Women,Training,SuperRep Go,,2,4574.53,0.04,8783.1,2025-01-03,Retail,Kolkata,3534.47,Sale,Valid
4332,Women,Running,Pegasus Turbo,,1,5286.01,0.12,4651.69,2024-09-24,Online,Delhi,2181.1,Sale,Valid
4333,Men,Lifestyle,Blazer Mid,,2,5179.28,0.0,10358.56,2025-04-06,Retail,Mumbai,3256.38,Sale,Valid
4334,Kids,Basketball,Air Jordan,,2,4393.46,0.0,8786.92,2024-08-12,Online,Kolkata,2432.09,Sale,Valid
4335,Kids,Running,Air Zoom,,1,5548.255,0.0,5548.26,2025-06-30,Online,Kolkata,133.01,Sale,Valid
4339,Women,Lifestyle,Dunk Low,L,2,6091.98,0.33,8163.25,2024-11-21,Retail,Hyderabad,2003.0,Sale,Valid
4344,Kids,Soccer,Premier III,8,2,6060.035,0.0,12120.07,2024-01-18,Online,Delhi,-467.18,Sale,Valid
4345,Kids,Training,Metcon 7,,1,2282.8,0.28,1643.62,2024-11-29,Retail,Pune,459.9,Sale,Valid
4346,Men,Training,ZoomX Invincible,M,1,6424.68,0.71,1863.16,2025-05-04,Online,Mumbai,3222.9,Sale,Review
4347,Men,Lifestyle,Dunk Low,12,1,9440.95,0.0,9440.95,2025-03-10,Retail,Hyderabad,2945.56,Return,Valid
4348,Women,Lifestyle,Blazer Mid,,2,5786.02,0.0,11572.04,2023-09-25,Online,Pune,25.44,Sale,Valid
4352,Men,Running,Pegasus Turbo,9,1,9332.64,0.57,4013.04,2025-01-10,Retail,Kolkata,-238.9,Return,Valid
4354,Men,Soccer,Premier III,,1,6908.65,0.0,6908.65,2025-03-08,Retail,Kolkata,720.09,Return,Valid
4357,Women,Lifestyle,Air Force 1,6,2,7723.9,0.0,15447.8,2025-01-27,Online,Pune,3626.91,Sale,Valid
4358,Kids,Basketball,LeBron 20,XL,2,6630.92,0.43,7559.25,2024-10-18,Online,Mumbai,2538.97,Sale,Valid
4359,Kids,Running,Pegasus Turbo,L,1,9336.51,0.0,9336.51,2025-02-23,Online,Bangalore,92.73,Sale,Valid
4360,Women,Running,Pegasus Turbo,,1,2906.76,0.3,2034.73,2024-09-24,Online,Hyderabad,829.32,Sale,Valid
4361,Kids,Lifestyle,Blazer Mid,M,2,5294.22,0.0,10588.44,2024-08-25,Retail,Kolkata,-787.71,Sale,Valid
4362,Men,Training,Flex Trainer,,1,6481.055,0.0,6481.06,2025-07-08,Online,Kolkata,-81.22,Sale,Valid
4363,Kids,Basketball,Air Jordan,L,2,5974.92,0.75,2987.46,2024-11-24,Online,Delhi,-1071.83,Sale,Valid
4365,Men,Basketball,Zoom Freak,L,2,7357.98,0.0,14715.96,2024-10-02,Online,Kolkata,-86.8,Sale,Valid
4366,Kids,Training,SuperRep Go,L,1,2572.92,0.0,2572.92,2025-02-16,Retail,Kolkata,714.82,Sale,Valid
4367,Kids,Basketball,Kyrie Flytrap,,2,8832.85,0.0,17665.7,2024-01-08,Retail,Kolkata,-1073.49,Sale,Valid
4368,Women,Soccer,Tiempo Legend,M,3,5481.64,1.0,0.0,2024-12-10,Retail,Delhi,2234.28,Sale,Review
4370,Women,Running,Pegasus Turbo,L,2,5046.05,0.38,6257.1,2024-10-13,Retail,Mumbai,2530.73,Sale,Valid
4373,Men,Lifestyle,Waffle One,M,2,5349.78,0.0,10699.56,2024-08-01,Retail,Bangalore,396.99,Sale,Valid
4374,Women,Basketball,Zoom Freak,XL,3,6172.36,0.0,18517.08,2024-11-19,Retail,Pune,-1129.38,Sale,Valid
4375,Women,Training,ZoomX Invincible,L,1,6424.68,0.45,3533.57,2025-12-06,Online,Kolkata,-693.38,Return,Valid
4376,Men,Soccer,Phantom GT,M,2,7651.93,1.0,0.0,2024-08-05,Online,Kolkata,546.84,Sale,Review
4377,Women,Running,Free RN,12,1,6299.575,0.89,692.95,2024-12-07,Retail,Mumbai,2302.22,Sale,Review
4378,Men,Training,Flex Trainer,,4,2620.09,0.0,10480.36,2024-08-29,Online,Mumbai,263.16,Sale,Valid
4382,Kids,Soccer,Mercurial Superfly,,2,6769.465,0.0,13538.93,2024-11-24,Retail,Hyderabad,3659.71,Sale,Valid
4383,Women,Soccer,Tiempo Legend,,2,5830.525,0.16,9795.28,2024-12-24,Retail,Delhi,3378.64,Sale,Valid
4384,Women,Running,Pegasus Turbo,,1,5286.01,0.6,2114.4,2024-06-15,Online,Kolkata,3507.63,Sale,Review
4385,Men,Basketball,Kyrie Flytrap,L,2,9057.85,0.84,2898.51,2023-12-13,Retail,Kolkata,1767.32,Sale,Valid
4386,Kids,Basketball,Zoom Freak,,2,3432.35,0.34,4530.7,2025-06-14,Online,Bangalore,2576.11,Sale,Valid
4387,Women,Lifestyle,Dunk Low,,4,2616.9,0.0,10467.6,2025-03-27,Retail,Delhi,3770.94,Sale,Valid
4388,Women,Training,ZoomX Invincible,M,1,6424.68,0.0,6424.68,2025-07-02,Retail,Bangalore,2186.94,Sale,Valid
4390,Kids,Lifestyle,Waffle One,L,2,5349.78,1.0,0.0,2024-12-05,Online,Bangalore,848.64,Sale,Review
4391,Women,Lifestyle,Dunk Low,9,2,9569.18,0.0,19138.36,2025-04-20,Retail,Pune,2446.09,Sale,Valid
4392,Kids,Training,Metcon 7,,1,5744.7,0.0,5744.7,2025-04-19,Retail,Bangalore,1619.78,Sale,Valid
4394,Women,Training,ZoomX Invincible,L,1,8873.61,0.81,1685.99,2025-03-14,Retail,Bangalore,1663.56,Sale,Valid
4395,Kids,Running,Air Zoom,M,2,5282.31,0.0,10564.62,2025-04-20,Online,Mumbai,3365.61,Sale,Valid
4396,Kids,Soccer,Phantom GT,,2,2392.41,0.0,4784.82,2025-01-30,Online,Pune,1592.95,Sale,Valid
4397,Men,Running,React Infinity,9,1,6346.35,0.0,6346.35,2025-08-05,Retail,Delhi,-671.54,Return,Valid
4398,Men,Soccer,Premier III,XL,2,6060.035,0.0,12120.07,2024-06-29,Online,Delhi,1971.9,Sale,Valid
4399,Men,Basketball,Air Jordan,L,2,7607.91,0.0,15215.82,2025-01-06,Online,Bangalore,-161.85,Sale,Valid
4400,Women,Lifestyle,Air Force 1,M,4,7798.57,0.28,22459.88,2025-05-27,Retail,Kolkata,1334.4,Sale,Valid
4401,Men,Lifestyle,Blazer Mid,XL,2,5786.02,0.0,11572.04,2024-11-25,Retail,Kolkata,3410.82,Sale,Valid
4402,Women,Soccer,Premier III,,1,6060.035,0.38,3757.22,2024-11-19,Online,Mumbai,2429.57,Sale,Valid
4405,Women,Training,Flex Trainer,XL,1,6481.055,1.0,0.0,2025-02-24,Retail,Pune,3373.28,Return,Review
4406,Women,Basketball,Kyrie Flytrap,,2,4079.94,0.0,8159.88,2025-01-02,Online,Kolkata,3276.97,Sale,Valid
4410,Men,Basketball,Kyrie Flytrap,XL,1,5967.57,1.0,0.0,2024-01-26,Retail,Mumbai,-1011.68,Return,Valid
4412,Kids,Lifestyle,Blazer Mid,XL,1,5786.02,0.0,5786.02,2025-05-25,Online,Kolkata,3452.75,Sale,Valid
4413,Men,Running,Free RN,M,1,6299.575,0.0,6299.58,2024-09-03,Retail,Hyderabad,2790.67,Sale,Valid
4414,Kids,Running,Pegasus Turbo,9,1,5286.01,0.32,3594.49,2024-05-09,Retail,Hyderabad,3503.26,Sale,Valid
4416,Women,Basketball,Zoom Freak,,2,2365.6,0.0,4731.2,2025-06-07,Retail,Mumbai,-178.54,Sale,Valid
4419,Kids,Training,Flex Trainer,9,1,6481.055,0.0,6481.06,2025-01-17,Online,Bangalore,61.45,Sale,Valid
4420,Women,Lifestyle,Blazer Mid,L,4,4904.79,1.0,0.0,2023-11-08,Retail,Pune,2633.82,Sale,Review
4421,Women,Running,React Infinity,XL,1,6346.35,0.0,6346.35,2024-09-05,Online,Mumbai,3005.03,Sale,Valid
4422,Men,Running,React Infinity,,1,6346.35,0.43,3617.42,2025-08-06,Online,Delhi,1143.45,Sale,Valid
4423,Men,Running,Free RN,6,1,5381.5,0.0,5381.5,2025-03-01,Retail,Pune,57.84,Sale,Valid
2007,Men,Soccer,Phantom GT,L,2,7652.31,0.0,15304.62,2023-09-29,Retail,Bangalore,1515.95,Sale,Valid
4426,Men,Lifestyle,Blazer Mid,M,1,5786.02,0.0,5786.02,2024-02-12,Online,Pune,2133.39,Sale,Valid
4427,Women,Lifestyle,Dunk Low,,2,8546.9,0.0,17093.8,2024-04-11,Retail,Pune,-357.43,Sale,Valid
4428,Kids,Lifestyle,Waffle One,,2,5349.78,0.0,10699.56,2025-04-04,Online,Hyderabad,2700.85,Sale,Valid
4429,Kids,Soccer,Premier III,XL,2,6060.035,0.49,6181.24,2025-01-18,Retail,Kolkata,3905.15,Sale,Valid
4430,Kids,Basketball,Kyrie Flytrap,L,2,5584.225,0.15,9493.18,2025-05-16,Retail,Bangalore,3590.87,Sale,Valid
4431,Kids,Training,Metcon 7,XL,1,5744.7,0.0,5744.7,2025-01-15,Online,Bangalore,-537.53,Sale,Valid
4432,Men,Basketball,Air Jordan,XL,2,6378.45,0.0,12756.9,2025-06-06,Retail,Hyderabad,2573.36,Sale,Valid
4434,Men,Basketball,Zoom Freak,L,3,3844.82,0.0,11534.46,2025-02-09,Online,Hyderabad,-289.83,Sale,Valid
4436,Men,Training,SuperRep Go,M,4,2720.7,0.0,10882.8,2025-04-08,Online,Pune,-818.53,Sale,Valid
4437,Men,Basketball,Kyrie Flytrap,XL,2,5584.225,0.0,11168.45,2023-11-25,Retail,Hyderabad,3972.33,Sale,Valid
4440,Men,Basketball,Zoom Freak,XL,2,6172.36,0.0,12344.72,2025-04-15,Online,Mumbai,-551.75,Sale,Valid
4441,Kids,Soccer,Premier III,L,3,6060.035,0.0,18180.1,2024-05-05,Retail,Kolkata,2036.39,Sale,Valid
4442,Women,Soccer,Phantom GT,L,2,6012.23,0.0,12024.46,2024-05-22,Retail,Hyderabad,1366.18,Sale,Valid
4443,Men,Lifestyle,Dunk Low,9,3,7953.0,1.0,0.0,2025-05-12,Retail,Hyderabad,-665.22,Sale,Valid
4444,Men,Running,React Infinity,7,4,6346.35,0.36,16246.66,2024-10-04,Online,Kolkata,243.39,Sale,Valid
4445,Women,Training,Metcon 7,XL,1,5915.27,0.12,5205.44,2024-12-15,Retail,Mumbai,3456.95,Sale,Valid
4446,Men,Soccer,Mercurial Superfly,M,2,3469.31,0.28,4995.81,2025-01-26,Retail,Pune,2671.58,Sale,Valid
4452,Women,Lifestyle,Blazer Mid,M,1,5786.02,0.0,5786.02,2025-04-27,Online,Bangalore,-86.63,Sale,Valid
4453,Men,Training,Flex Trainer,XL,1,6481.055,0.0,6481.06,2025-05-26,Retail,Bangalore,2814.75,Sale,Valid
4454,Kids,Running,Pegasus Turbo,M,1,2915.54,0.0,2915.54,2025-02-01,Retail,Delhi,-1188.64,Sale,Valid
4456,Women,Basketball,Kyrie Flytrap,XL,1,5584.225,0.32,3797.27,2023-12-16,Retail,Hyderabad,450.51,Sale,Valid
4458,Kids,Soccer,Premier III,L,2,6500.77,0.22,10141.2,2024-10-28,Retail,Mumbai,870.08,Sale,Valid
4463,Men,Soccer,Premier III,11,3,8317.53,0.6,9981.04,2025-07-06,Retail,Pune,1821.65,Sale,Valid
4466,Kids,Soccer,Mercurial Superfly,,2,4743.16,0.0,9486.32,2024-03-06,Retail,Mumbai,3480.06,Sale,Valid
4467,Kids,Lifestyle,Air Force 1,XL,2,3918.43,0.0,7836.86,2024-09-03,Retail,Kolkata,2820.24,Sale,Valid
4468,Men,Soccer,Premier III,XL,3,6077.13,1.0,0.0,2023-11-27,Online,Mumbai,3173.31,Sale,Review
4471,Kids,Basketball,Zoom Freak,,2,2184.95,0.0,4369.9,2025-06-20,Online,Mumbai,3303.4,Sale,Valid
4472,Women,Basketball,LeBron 20,,2,6833.94,0.0,13667.88,2024-08-12,Online,Hyderabad,-151.52,Sale,Valid
4475,Kids,Soccer,Tiempo Legend,M,2,5830.525,1.0,0.0,2024-03-04,Online,Hyderabad,1487.03,Sale,Review
4476,Women,Lifestyle,Waffle One,L,2,4495.47,0.0,8990.94,2025-01-27,Online,Bangalore,560.2,Sale,Valid
4477,Men,Running,Pegasus Turbo,6,1,5286.01,0.0,5286.01,2024-10-12,Online,Delhi,-838.22,Sale,Valid
4479,Kids,Lifestyle,Air Force 1,,2,7530.67,0.0,15061.34,2024-12-04,Online,Kolkata,3209.42,Sale,Valid
4480,Men,Training,SuperRep Go,7,1,5587.585,0.61,2179.16,2025-05-05,Retail,Hyderabad,1920.5,Sale,Valid
4481,Men,Soccer,Mercurial Superfly,L,2,8504.98,0.88,2041.2,2024-11-12,Retail,Delhi,1227.48,Sale,Valid
4482,Kids,Soccer,Phantom GT,L,2,6012.23,0.0,12024.46,2024-07-16,Online,Mumbai,-742.03,Sale,Valid
4483,Kids,Lifestyle,Blazer Mid,M,2,2844.04,0.12,5005.51,2025-12-06,Online,Hyderabad,-1026.86,Sale,Valid
4484,Men,Basketball,Air Jordan,11,3,5981.92,0.8,3589.15,2024-12-12,Retail,Hyderabad,-751.05,Sale,Valid
4485,Men,Training,Flex Trainer,L,1,6481.055,0.78,1425.83,2025-03-26,Retail,Pune,-367.25,Sale,Valid
4486,Women,Training,Flex Trainer,XL,1,6481.055,0.0,6481.06,2023-10-15,Online,Bangalore,3338.79,Sale,Valid
4487,Men,Lifestyle,Air Force 1,L,2,9009.71,0.4,10811.65,2024-08-21,Retail,Pune,-996.86,Sale,Valid
4488,Women,Training,Flex Trainer,8,2,6481.055,0.0,12962.11,2024-12-16,Retail,Pune,3045.38,Sale,Valid
4489,Kids,Lifestyle,Blazer Mid,9,3,5786.02,1.0,0.0,2025-04-02,Retail,Bangalore,1890.99,Sale,Review
4493,Women,Lifestyle,Blazer Mid,XL,4,5786.02,0.0,23144.08,2024-10-04,Online,Mumbai,321.24,Sale,Valid
4494,Women,Training,ZoomX Invincible,L,1,6424.68,0.0,6424.68,2025-12-02,Online,Kolkata,1357.29,Sale,Valid
4495,Kids,Basketball,Kyrie Flytrap,XL,3,5584.225,0.0,16752.68,2025-05-14,Online,Pune,2.97,Sale,Valid
4497,Men,Soccer,Tiempo Legend,7,2,6647.6,0.52,6381.7,2025-02-07,Retail,Bangalore,-918.14,Sale,Valid
4498,Women,Training,ZoomX Invincible,,4,5358.7,0.0,21434.8,2024-11-12,Online,Mumbai,3352.29,Sale,Valid
4499,Women,Running,Air Zoom,M,1,5550.99,0.0,5550.99,2024-11-23,Retail,Mumbai,2453.57,Sale,Valid
